id_complex,complex_multidata_id,pdb_structure,pdb_id,stoichiometry,comments_complex
1,1282,FALSE,,,
2,1283,FALSE,,,
3,1284,FALSE,,,
4,1285,FALSE,,,
5,1286,FALSE,,,
6,1287,FALSE,,,
7,1288,FALSE,,,
8,1289,FALSE,,,
9,1290,FALSE,,,
10,1291,FALSE,,,
11,1292,FALSE,,,Transmembrane_serine_threonine_kinase_activin_type_1_receptor_forming_an_activin_receptor_complex_with_activin_receptor_type_2_(ACVR2A_or_ACVR2B)
12,1293,FALSE,,,Transmembrane_serine_threonine_kinase_activin_type_1_receptor_forming_an_activin_receptor_complex_with_activin_receptor_type_2_(ACVR2A_or_ACVR2B)
13,1294,FALSE,,,Transmembrane_serine_threonine_kinase_activin_type_1_receptor_forming_an_activin_receptor_complex_with_activin_receptor_type_2_(ACVR2A_or_ACVR2B)
14,1295,FALSE,,,Transmembrane_serine_threonine_kinase_activin_type_1_receptor_forming_an_activin_receptor_complex_with_activin_receptor_type_2_(ACVR2A_or_ACVR2B)
15,1296,FALSE,,,
16,1297,FALSE,,,
17,1298,FALSE,,,May_form_homooligomers_and_heterooligomers_with_ADIPOR2
18,1299,FALSE,,,
19,1300,FALSE,,,
20,1301,FALSE,,,
21,1302,FALSE,,,
22,1303,FALSE,,,
23,1304,FALSE,,,
24,1305,FALSE,,,
25,1306,FALSE,,,
26,1307,FALSE,,,
27,1308,FALSE,,,
28,1309,FALSE,,,
29,1310,FALSE,,,
30,1311,FALSE,,,
31,1312,FALSE,,,uniprot;PMID:10896656;PMID:11360992
32,1313,FALSE,,,
33,1314,FALSE,,,
34,1315,FALSE,,,"On_ligand_binding,_forms_a_receptor_complex_consisting_of_two_type_II_and_two_type_I_transmembrane_serine_threonine_kinases"
35,1316,FALSE,,,Serine_threonine_kinase_heterodimer_upon_ligand_binding
36,1317,FALSE,,,Serine_threonine_kinase_heterodimer_upon_ligand_binding
37,1318,FALSE,,,
38,1319,FALSE,,,
39,1320,FALSE,,,
40,1321,FALSE,,,
41,1322,FALSE,,,
42,1323,FALSE,,,In_general_heterodimer_of_an_a_and_a_beta_chain_linked_bytwo_disulfide_bonds_Can_also_form_homodimers
43,1324,FALSE,,,
44,1325,FALSE,,,
45,1326,FALSE,,,
46,1327,FALSE,,,"Heterotrimer_of_the_alpha_subunit,_LIFR_and_IL6ST"
47,1328,FALSE,,,
48,1329,FALSE,,,
49,1330,FALSE,,,
50,1331,FALSE,,,
51,1332,FALSE,,,
52,1333,FALSE,,,
53,1334,FALSE,,,
54,1335,FALSE,,,
55,1336,FALSE,,,
56,1337,FALSE,,,
57,1338,FALSE,,,
58,1339,FALSE,,,
59,1340,FALSE,,,
60,1341,FALSE,,,
61,1342,FALSE,,,
62,1343,FALSE,,,
63,1344,FALSE,,,
64,1345,FALSE,,,
65,1346,FALSE,,,
66,1347,FALSE,,,
67,1348,FALSE,,,
68,1349,FALSE,,,
69,1350,FALSE,,,
70,1351,FALSE,,,
71,1352,FALSE,,,
72,1353,FALSE,,,
73,1354,FALSE,,,
74,1355,FALSE,,,
75,1356,FALSE,,,Can_also_form_a_heterodimer_with_KDR
76,1357,FALSE,,,
77,1358,FALSE,,,
78,1359,FALSE,,,
79,1360,FALSE,,,
80,1361,FALSE,,,
81,1362,FALSE,,,
82,1363,FALSE,,,
83,1364,FALSE,,,
84,1365,FALSE,,,
85,1366,FALSE,,,
86,1367,FALSE,,,
87,1368,FALSE,,,
88,1369,FALSE,,,
89,1370,FALSE,,,
90,1371,FALSE,,,
91,1372,FALSE,,,
92,1373,FALSE,,,
93,1374,FALSE,,,
94,1375,FALSE,,,
95,1376,FALSE,,,
96,1377,TRUE,1exu,B2M;FCGRT,"FcRn_complex_consist_of_two_subunits:_p51,_and_p14_which_is_equivalent_to_beta_2_microglobulin_It_forms_an_MHC_class_I_like_heterodimer"
97,1378,FALSE,,,
98,1379,FALSE,,,
99,1380,FALSE,,,
100,1381,FALSE,,,
101,1382,binding,4nkq,CSF2;CSF2RA;CSF2RB,Heterodimer_of_an_a_and_a_beta_subunit
102,1383,FALSE,,,Two_GP_Ib_beta_are_disulfide_linked_to_one_GP_Ib_alpha
103,1384,FALSE,,,
104,1385,FALSE,,,
105,1386,FALSE,,,Heterodimer_of_an_alpha_and_a_beta_subunit
106,1387,FALSE,,,"On_ligand_binding,_forms_a_multimer_complex_with_IL6ST_gp130"
107,1388,TRUE,1f45,IL12A;IL12B,
108,1389,FALSE,,,"Associated_with_IL12RB2_it_forms_a_functional,_high_affinity_receptor_for_IL12"
109,1390,binding,3bpo,IL13;IL13RA1;IL4R,Together_with_IL4RA_can_form_a_functional_receptor_for_IL13
110,1391,TRUE,4gs7,IL15;IL15RA;IL2RB;IL2RG,"The_interleukin_15_receptor_IL15R_is_a_heterotrimer_of_IL15RA,_IL2RB_and_IL2RG"
111,1392,FALSE,,,
112,1393,FALSE,,,
113,1394,FALSE,,,NA;_the_heterodimer_binds_IL17AF
114,1395,FALSE,,,Forms_heterodimers_with_IL17RE;_the_heterodimer_binds_IL17C
115,1396,TRUE,3wo4,IL18;IL18R1;IL18RAP,Cytokine_receptor_family;_Interleukin_18_family
116,1397,binding,4dep,IL1B;IL1R1;IL1RAP,After_binding_to_interleukin_1_associates_with_the_corecptor_IL1RAP_to_form_the_high_affinity_interleukin_1_receptor_complex
117,1398,binding,3o4o,IL1B;IL1R2;IL1RAP,After_binding_to_interleukin_1_associates_with_the_corecptor_IL1RAP_to_form_the_high_affinity_interleukin_1_receptor_antagonist_complex
118,1399,FALSE,,,The_IL20RA_IL10RB_dimer_is_a_receptor_for_IL26
119,1400,FALSE,,,Component_of_IL22_receptor_formed_byIL22RA1_and_IL10RB
120,1401,FALSE,,,Heterodimer_with_the_common_gamma_subunit
121,1402,binding,3dgc,IL22;IL22RA1,Component_of_IL22_receptor_formed_byIL22RA1_and_IL10RB
122,1403,TRUE,3d87,IL12B;IL12B;IL23A;IL23A,
123,1404,FALSE,,,Associates_also_with_IL23R_to_form_the_interleukin_23_receptor_which_functions_in_IL23_signal_transduction
124,1405,FALSE,,,
125,1406,FALSE,,,
126,1407,FALSE,,,Requires_IL6ST_gp130_to_mediate_signal_transduction_in_response_to_IL27
127,1408,binding,5t5w,IFNL3;IFNLR1;IL10RB,IFNLR1_IL10RB_dimer_is_a_receptor
128,1409,binding,2b5i,IL2;IL2RA;IL2RB;IL2RG,"A_high_affinity_dimer,_an_intermediate_affinity_monomer_(beta_subunit)_The_high_and_intermediate_affinity_forms_also_associate_with_a_gamma_subunit"
129,1410,binding,3qaz,,
130,1411,FALSE,,,
131,1412,FALSE,,,
132,1413,FALSE,,,
133,1414,FALSE,,,After_binding_to_interleukin_36_associates_with_the_coreceptor_IL1RAP_to_form_the_interleukin_36_receptor_complex
134,1415,FALSE,,,"See_paper_Nold_Petry_et_al,_2015_Also_called_IL37"
135,1416,FALSE,,,Heterodimer_of_an_a_and_a_beta_subunit
136,1417,TRUE,3qb7,IL2RG;IL4R,"The_functional_IL4_receptor_is_formed_byinitial_binding_of_IL4_to_IL4R_Subsequent_recruitment_to_the_complex_of_the_common_gamma_chain,_in_immune_cells"
137,1418,FALSE,,,Heterodimer_of_an_alpha_and_a_beta_subunit
138,1419,binding,1p9m,IL6;IL6;IL6R;IL6R;IL6ST;IL6ST,Signal_activation_necessitate_an_association_with_IL6ST
139,1420,FALSE,,,The_IL7_receptor_is_a_heterodimer_of_IL7R_and_IL2RG
140,1421,FALSE,,,Cytokine_receptor_family;_Interleukin_9_family
141,1422,FALSE,,,
142,1423,FALSE,,,
143,1424,FALSE,,,
144,1425,FALSE,,,
145,1426,FALSE,,,
146,1427,FALSE,,,Heterodimer_composed_of_LIFR_and_IL6ST
147,1428,partial,3ml4,DOK7;DOK7;MUSK;MUSK,MUSK_Interacts_with_LRP4;_the_heterodimer_forms_an_AGRIN_receptor_complex_that_binds_AGRIN_resulting_in_activation_of_MUSK
148,1429,FALSE,,,
149,1430,FALSE,,,
150,1431,FALSE,,,
151,1432,FALSE,,,
152,1433,FALSE,,,
153,1434,FALSE,,,
154,1435,FALSE,,,
155,1436,FALSE,,,
156,1437,FALSE,,,
157,1438,FALSE,,,
158,1439,FALSE,,,
159,1440,FALSE,,,
160,1441,FALSE,,,
161,1442,FALSE,,,
162,1443,FALSE,,,Heterohexamer_composed_of_two_subunits_of_KLRK1_and_four_subunits_of_HCST_DAP10
163,1444,FALSE,,,
164,1445,FALSE,,,
165,1446,FALSE,,,
166,1447,FALSE,,,
167,1448,FALSE,,,
168,1449,FALSE,,,
169,1450,FALSE,,,
170,1451,FALSE,,,Heterodimer_composed_of_OSMR_and_IL6ST_(type_II_OSM_receptor)
171,1452,FALSE,,,heterodimers_formed_byPDGFA_and_PDGFB
172,1453,FALSE,,,PMID:25448692
173,1454,FALSE,,,PMID:25448692
174,1455,FALSE,,,PMID:25448692
175,1456,FALSE,,,
176,1457,FALSE,,,
177,1458,FALSE,,,
178,1459,FALSE,,,PMID:_22325954
179,1460,FALSE,,,PMID:_22325954
180,1461,FALSE,,,PMID:_22325954
181,1462,FALSE,,,PMID:_22325954
182,1463,FALSE,,,PMID:_22325954
183,1464,FALSE,,,PMID:_22325954
184,1465,FALSE,,,
185,1466,FALSE,,,
186,1467,FALSE,,,
187,1468,FALSE,,,
188,1469,FALSE,,,
189,1470,FALSE,,,
190,1471,FALSE,,,
191,1472,FALSE,,,
192,1473,FALSE,,,
193,1474,FALSE,,,
194,1475,TRUE,3n7p,CALCRL;RAMP1,Heterodimer_of_CALCRL_and_RAMP3_(bysimilarity)_Heterodimer_of_CALCRL_and_RAMP1_or_CALCRL_and_RAMP2
195,1476,TRUE,3aqf,CALCRL;RAMP2,Heterodimer_of_CALCRL_and_RAMP3_(bysimilarity)_Heterodimer_of_CALCRL_and_RAMP1_or_CALCRL_and_RAMP2
196,1477,FALSE,,,Transports_the_calcitonin_gene_related_peptide_type_1_receptor_(CALCRL)_and_GPER1_to_the_plasma_membrane
197,1478,FALSE,,,
198,1479,FALSE,,,
199,1480,FALSE,,,
200,1481,FALSE,,,
201,1482,FALSE,,,
202,1483,FALSE,,,
203,1484,FALSE,,,
204,1485,FALSE,,,
205,1486,FALSE,,,
206,1487,FALSE,,,
207,1488,FALSE,,,
208,1489,FALSE,,,
209,1490,FALSE,,,
210,1491,FALSE,,,Homodimer;_disulfide_linked_Interacts_with_TYROBP_This_interaction_results_in_the_recruitment_of_SYK
211,1492,FALSE,,,Interacts_with_BSG;_this_is_required_for_expression_at_the_cell_membrane
212,1493,FALSE,,,
213,1494,FALSE,,,
214,1495,FALSE,,,
215,1496,FALSE,,,
216,1497,FALSE,,,"Heterohexamer;_TGFB1,_TGFB2_and_TGFB3_homodimeric_ligands_assemble_a_functional_receptor_composed_of_two_TGFBR1_and_TGFBR2_heterodimers_to_form_a_ligand_receptor_heterohexamer"
217,1498,FALSE,,,
218,1499,FALSE,,,Interacts_with_TYROBP_DAP12
219,1500,binding,5j11,CRLF2;IL7R;TSLP,The_TSLP_receptor_is_a_heterodimer_of_CRLF2_and_IL7R
220,1501,FALSE,,,
221,1502,FALSE,,,
222,1503,FALSE,,,
223,1504,FALSE,,,
224,1505,FALSE,,,
225,1506,FALSE,,,
226,1507,FALSE,,,
227,1508,FALSE,,,
228,1509,binding,1fg9,IFNG;IFNG;IFNGR1;IFNGR1;IFNGR1,Associates_with_IFNGR2_to_form_a_receptor_for_the_cytokine_interferon_gamma_(IFNG)
229,1510,binding,3se3,IFNA2;IFNAR1;IFNAR2,Heterodimer_with_IFNAR2
230,1511,FALSE,,,
231,1512,FALSE,,,
232,1513,FALSE,,,
233,1514,FALSE,,,
234,1515,FALSE,,,
235,1516,FALSE,,,Well_known_integrin_combination
236,1517,FALSE,,,Well_known_integrin_combination
237,1518,FALSE,,,Well_known_integrin_combination
238,1519,TRUE,1kup,ITGA2B;ITGB3,Well_known_integrin_combination
239,1520,FALSE,,,Well_known_integrin_combination
240,1521,FALSE,,,Well_known_integrin_combination
241,1522,FALSE,,,Well_known_integrin_combination
242,1523,FALSE,,,Well_known_integrin_combination
243,1524,FALSE,,,Well_known_integrin_combination
244,1525,FALSE,,,Well_known_integrin_combination
245,1526,FALSE,,,Well_known_integrin_combination
246,1527,FALSE,,,Well_known_integrin_combination
247,1528,FALSE,,,Well_known_integrin_combination
248,1529,FALSE,,,Well_known_integrin_combination
249,1530,FALSE,,,Well_known_integrin_combination
250,1531,FALSE,,,Well_known_integrin_combination
251,1532,FALSE,,,Well_known_integrin_combination
252,1533,FALSE,,,Well_known_integrin_combination
253,1534,FALSE,,,Well_known_integrin_combination
254,1535,TRUE,1jv2,ITGAV;ITGB3,Well_known_integrin_combination
255,1536,FALSE,,,Well_known_integrin_combination
256,1537,TRUE,4um8,ITGAV;ITGB6,Well_known_integrin_combination
257,1538,FALSE,,,Well_known_integrin_combination
258,1539,TRUE,3k6s,ITGAX;ITGB2,Well_known_integrin_combination
259,1540,FALSE,,,
