,ID,community,CPDB,NicheNet,CellChat
0,TMEM53,True,False,False,False
1,FTH1,False,True,False,False
2,C1QBP,True,False,False,False
3,CLCF1,True,True,True,True
4,BMPR1A,True,True,True,False
5,ADRB1,True,True,True,False
6,LY86,True,False,False,False
7,LYPD6,True,False,False,False
8,ADAM22,True,False,False,False
9,INHBA,True,True,True,True
10,FBN1,True,True,True,False
11,NRG3,True,True,True,True
12,SLC16A1,True,True,False,False
13,HHIP,True,True,True,False
14,GNAT2,False,False,True,False
15,ADGRL4,True,False,False,False
16,THPO,True,True,True,True
17,COL26A1,False,True,False,False
18,FAM200A,True,False,False,False
19,IL9,True,True,True,True
20,PROCR,True,True,True,True
21,IL23A,True,True,True,False
22,EPOR,True,True,True,True
23,TSPAN5,True,False,False,False
24,GFRA3,True,True,True,True
25,CXCL5,True,True,True,True
26,LPP,True,False,False,False
27,MMP14,True,False,False,False
28,TSHB,True,True,True,True
29,SCN1B,True,False,False,False
30,CYP17A1,False,True,False,False
31,PTPRG,True,False,True,False
32,EGF,True,True,True,True
33,GPR183,False,False,True,False
34,RARB,False,True,False,False
35,GHRL,True,True,True,True
36,FAM126B,True,False,False,False
37,TJP1,True,False,False,False
38,NBL1,True,False,False,False
39,GRIK2,False,False,True,False
40,HGF,True,True,True,True
41,CCL11,True,True,True,True
42,VSTM4,True,False,False,False
43,ADM2,True,True,True,False
44,CA12,True,False,False,False
45,DIP2A,True,False,False,False
46,OLFM2,True,False,False,False
47,CNIH1,True,False,False,False
48,IL31RA,True,False,True,True
49,QRFP,True,True,True,True
50,MIA,True,False,False,False
51,DSC3,True,True,True,True
52,TMED5,True,False,False,False
53,BMPR1B,True,True,True,True
54,CHRNG,True,False,False,True
55,HFE,True,True,False,False
56,LTBP1,True,False,False,False
57,CBL,True,False,False,False
58,OSCAR,True,False,False,False
59,SLC52A2,True,False,False,False
60,ADAM17,True,False,True,False
61,EFNA1,True,True,True,True
62,NPY,True,False,True,True
63,CRHR1,True,True,True,True
64,GZMB,True,False,True,False
65,ERVH48-1,False,True,False,False
66,GLP1R,True,True,True,True
67,CELSR2,True,True,True,False
68,CYSLTR1,False,True,True,False
69,KLRF2,True,True,False,False
70,CR1L,True,False,False,False
71,TFF1,True,True,True,False
72,MAS1,True,False,True,True
73,TSLP,True,True,True,True
74,LHCGR,True,True,True,True
75,CD177,True,True,False,True
76,IL34,True,True,True,True
77,ADGRL2,True,False,False,True
78,RAMP1,True,True,True,False
79,LCN1,True,False,False,False
80,VEGFB,True,True,True,True
81,NLGN4X,True,False,False,False
82,CGB8,True,False,False,False
83,CYP3A4,False,True,False,False
84,EPHB2,True,True,True,True
85,CD6,True,True,True,True
86,SLC7A5,True,False,False,False
87,GRIN2D,True,True,True,False
88,NTN4,True,True,True,True
89,MCHR2,True,True,True,False
90,MDK,True,True,True,True
91,INSL5,True,True,True,True
92,NOTCH4,True,True,True,True
93,SEMA4A,True,True,False,True
94,ST14,True,False,False,False
95,LRP12,True,False,False,False
96,ITGA2,True,True,True,True
97,TNFRSF11B,True,True,True,True
98,FCGRT,True,True,False,False
99,VIP,True,True,True,True
100,IFNB1,True,True,True,True
101,CASP8,True,False,False,False
102,VEGFD,True,True,True,True
103,UNC5B,True,True,True,True
104,BCR,False,True,False,False
105,CMTM4,False,False,True,False
106,PTGER3,True,True,True,False
107,COL4A2,True,True,False,True
108,AMHR2,True,True,True,True
109,MIP,True,False,False,False
110,CELSR3,True,True,True,False
111,UBASH3B,False,True,False,False
112,TFR2,True,True,False,False
113,TMEM219,True,True,False,True
114,EPGN,True,True,True,True
115,TNFRSF1B,True,True,True,True
116,PCDHGC3,False,False,True,True
117,APLN,True,True,True,True
118,TAS2R14,False,False,True,False
119,LGI2,True,False,False,False
120,CD163,True,False,True,False
121,HCRTR1,True,True,True,True
122,EDNRB,True,False,True,True
123,DSCAML1,True,False,False,False
124,F2,True,True,True,True
125,GRIN2B,True,True,True,False
126,STAB2,True,False,False,False
127,LAIR1,True,True,False,True
128,RPS27A,True,False,False,False
129,ARF4,True,False,False,False
130,LRRC4B,True,False,True,True
131,APCDD1,True,False,False,False
132,ANGPT1,True,True,True,True
133,LRP1,True,True,True,True
134,BMP2,True,True,True,True
135,FZD7,True,True,True,True
136,HLA-G,True,True,True,True
137,WNT5A,True,True,True,True
138,MELTF,True,False,False,False
139,ASGR2,True,True,False,False
140,TLR3,True,False,False,False
141,AMBN,True,False,False,False
142,HTR1B,True,True,True,False
143,MERTK,True,True,True,True
144,PRLHR,True,True,True,True
145,HTR1D,True,True,True,False
146,LRRN3,True,False,False,False
147,GDNF,True,True,True,True
148,KCNN4,True,False,False,False
149,DRD3,True,True,True,False
150,EPHA6,True,False,True,False
151,PIGF,True,False,False,False
152,RNASET2,False,True,False,False
153,C5AR1,True,True,True,True
154,CHRM4,False,True,True,False
155,CD300E,True,False,False,False
156,HLA-DRA,True,False,True,True
157,TRPV6,True,False,False,False
158,CHGB,False,False,True,False
159,TAC4,True,False,True,True
160,GRIN2C,True,True,True,False
161,BCAM,True,False,False,False
162,SLC18A3,True,False,False,False
163,ANGPTL3,True,False,True,True
164,GPR132,False,False,True,False
165,LILRA6,True,False,False,False
166,ITGA3,True,True,True,True
167,AXL,True,True,True,True
168,NOTCH1,True,True,True,True
169,FPR1,True,True,True,True
170,PCDH17,False,False,True,False
171,HHIPL2,True,False,False,False
172,GPR39,True,False,True,False
173,GPR18,False,False,True,False
174,HAS2,True,False,True,False
175,HTR3D,False,True,False,False
176,APOA2,True,True,False,True
177,COL5A3,True,True,True,False
178,ADORA2B,True,True,True,True
179,TAS2R10,False,False,True,False
180,CNTN6,True,False,False,False
181,QDPR,True,False,False,False
182,SERPING1,True,False,True,False
183,RXFP4,True,True,True,True
184,TEX101,True,False,False,False
185,GHRH,True,True,True,True
186,MUC15,True,False,False,False
187,ADRA2C,False,True,True,False
188,MMP13,True,False,True,False
189,OR3A2,False,False,True,False
190,C1QTNF1,True,False,False,False
191,PCDHA11,False,False,True,True
192,PRSS2,True,False,False,True
193,IL22,True,True,True,True
194,AVPR1A,True,True,True,True
195,IL1RAP,True,True,True,True
196,P2RY12,True,False,True,False
197,FCGR1A,True,False,True,False
198,LVRN,True,False,False,False
199,TP53,True,False,False,False
200,NCR2,True,False,False,False
201,VAPA,True,False,False,False
202,LRP1B,True,False,False,False
203,WNT8A,True,True,True,True
204,LCTL,True,False,False,False
205,CDHR2,True,False,True,False
206,EFNB3,True,True,True,True
207,F7,True,False,True,False
208,ADCYAP1R1,True,True,True,True
209,HTR1E,True,True,True,False
210,PA2G4,True,False,False,False
211,TGFBR1,True,True,True,False
212,EXTL3,False,False,True,False
213,ADGRA3,True,False,False,False
214,LYZ,True,False,False,False
215,CPAMD8,True,False,False,False
216,CHRD,True,False,False,False
217,CLDN12,True,False,False,False
218,NLGN3,True,False,True,True
219,TAS2R13,False,False,True,False
220,IL10RA,True,True,True,True
221,SULT2A1,False,True,False,False
222,LNX1,True,False,False,False
223,MAPT,False,False,True,False
224,SHANK2,True,False,False,False
225,FZD4,True,True,True,True
226,NRG1,True,True,True,True
227,CALM2,True,False,True,False
228,TSPAN12,True,False,False,False
229,CLDN5,True,False,False,False
230,CCBE1,True,False,False,False
231,GPR4,False,False,True,False
232,PRRG4,True,False,False,False
233,GPR20,True,False,True,False
234,C3,True,True,True,True
235,ERBB3,True,True,True,True
236,CORT,True,True,True,True
237,MRGPRX1,True,True,True,False
238,ADORA2A,True,True,True,True
239,LIN7C,True,False,False,False
240,NRXN2,True,False,True,True
241,MFGE8,True,False,False,False
242,RARRES1,True,False,False,False
243,RHBDL2,True,False,False,False
244,GRM7,True,False,True,False
245,KCNA1,True,False,False,False
246,SMO,True,True,True,False
247,TMEM123,True,False,False,False
248,BTN3A1,True,False,False,False
249,OR2L13,False,False,True,False
250,ULBP1,True,True,False,True
251,IGKV1-16,True,False,False,False
252,RTN4R,True,False,True,True
253,IL12RB1,True,True,True,True
254,ESR1,True,True,True,False
255,PLD2,True,True,True,False
256,FZD8,True,True,True,True
257,CXCR4,True,True,True,True
258,SLC40A1,True,False,True,False
259,NAALAD2,True,False,False,False
260,ATP5B,False,False,True,False
261,GP6,True,False,True,True
262,AVP,True,True,True,True
263,COL4A3,True,True,False,True
264,KLRG2,True,True,False,False
265,CCL7,True,True,True,True
266,MBL2,True,False,False,False
267,MUC20,True,False,False,False
268,GALP,True,True,True,True
269,TGFBR3,True,True,True,False
270,VCL,True,False,False,False
271,CCL5,True,True,True,True
272,TNFRSF18,True,True,True,True
273,ZP2,False,False,True,False
274,CHRNA2,True,True,False,True
275,CLEC4M,True,True,True,False
276,FLOT1,True,False,False,False
277,GRIK1,False,False,True,False
278,IFNG,True,True,True,True
279,FCGR2B,False,False,True,False
280,CLMP,True,False,False,False
281,ACVR2A,True,True,True,True
282,GRP,True,True,True,True
283,ADRB3,True,True,True,False
284,CD28,True,True,True,True
285,FBRS,False,False,True,False
286,TNFRSF10C,True,True,True,False
287,FAM19A5,False,True,False,False
288,EFNA4,True,True,True,True
289,ADAM28,True,False,False,False
290,COLQ,True,False,False,False
291,LYPD3,True,False,False,False
292,HRH3,True,True,True,False
293,LEFTY2,True,True,True,False
294,NTN1,True,True,True,True
295,GNAI2,True,False,False,False
296,F2RL2,True,False,True,True
297,ADRA1A,True,True,True,False
298,FGF18,True,True,True,True
299,SLITRK3,True,False,False,True
300,MMP15,True,False,False,False
301,PI3,True,False,False,False
302,TPSG1,True,False,False,False
303,WNT10B,True,False,True,True
304,SEMA3G,True,False,False,True
305,JAK1,True,False,False,False
306,TECTA,True,False,False,False
307,COL1A2,True,True,False,True
308,HNRNPK,True,False,False,False
309,HRH2,True,True,True,False
310,CCL16,True,True,True,True
311,COL11A1,True,True,False,False
312,CD79B,True,False,False,False
313,SLC9C2,True,False,False,False
314,ECM1,True,False,False,False
315,PTGIS,False,True,False,False
316,KIR2DS4,True,False,True,True
317,NPB,True,True,True,True
318,OGN,True,True,False,False
319,IGSF9B,True,False,False,False
320,XPR1,True,True,True,False
321,HSD17B3,False,True,False,False
322,COL4A4,True,True,False,True
323,TLR6,True,False,False,False
324,TMEM222,True,False,False,False
325,PCDHA1,False,False,True,True
326,SLC44A5,True,False,False,False
327,MSMP,True,False,False,False
328,CCL17,True,True,True,True
329,GNB3,True,False,False,False
330,LIF,True,True,True,True
331,SLC18A2,True,False,False,False
332,CDH13,True,False,True,False
333,SSTR5,True,True,True,True
334,PPP2R2B,True,False,False,False
335,SIGLEC7,True,False,False,False
336,EMILIN1,True,False,False,False
337,FAT4,True,False,True,False
338,SFRP2,True,True,True,False
339,F11,True,False,False,False
340,OGFR,True,False,True,False
341,PIK3CA,True,False,False,False
342,SERPINA1,True,False,True,False
343,OR5H6,False,False,True,False
344,STX1A,True,False,False,False
345,HJV,True,False,False,False
346,GPR19,True,True,False,True
347,TNFSF10,True,True,True,True
348,IFNA14,True,True,True,True
349,MBP,True,False,False,False
350,OSTN,True,True,True,True
351,PI16,True,False,False,False
352,COL19A1,False,True,False,False
353,ZPBP2,True,False,False,False
354,CD276,True,True,False,True
355,RXRA,True,True,False,False
356,PTPN11,True,False,False,False
357,NR3C1,False,True,False,False
358,LGR6,True,True,True,False
359,GPR75,True,True,True,False
360,HMGB1,True,False,True,False
361,LMBR1L,True,False,False,False
362,ITGA6,True,True,True,True
363,GP1BA,True,True,True,True
364,CCL4L2,False,True,False,False
365,GPR162,True,False,False,False
366,KCNH1,False,False,True,False
367,KDR,True,True,True,True
368,NPPA,True,True,True,True
369,GDF10,True,True,False,True
370,NPTN,True,False,True,False
371,COL22A1,False,True,False,False
372,COL6A1,True,True,False,True
373,IL32,True,False,False,False
374,MSTN,True,True,True,True
375,GH1,True,True,True,True
376,GNRHR2,False,True,False,False
377,WNT3A,True,True,True,True
378,KIRREL1,True,False,False,False
379,CCL15,True,True,True,True
380,MEGF10,True,False,False,False
381,LY6G5C,True,False,False,False
382,DLK2,True,False,False,False
383,GPC1,True,False,True,False
384,PLA2G10,True,False,False,False
385,CDH3,False,False,True,True
386,RSPO1,True,True,True,False
387,ARF6,True,False,False,False
388,TNFSF9,True,True,True,True
389,CSH1,True,False,True,False
390,CCL18,True,True,False,True
391,BACE1,True,False,False,False
392,ADGRB1,True,False,False,True
393,CTNNB1,True,False,False,False
394,SIRPB2,True,False,False,False
395,NCR1,True,False,False,False
396,KMT2E,True,False,False,False
397,FGF12,True,False,True,False
398,IGSF3,True,False,False,False
399,PTPN6,True,False,True,False
400,CR1,True,False,False,False
401,GUCA2A,True,True,True,True
402,CD86,True,True,True,True
403,NODAL,True,True,True,True
404,TAS2R38,False,False,True,False
405,ARRB2,True,False,False,False
406,APOC4,True,False,False,False
407,KNG1,True,True,True,True
408,ITGA9,True,True,True,True
409,HPX,True,False,False,False
410,COL28A1,False,True,False,False
411,CCKAR,True,True,True,True
412,SEMA3E,True,True,True,True
413,ITGAM,True,True,True,True
414,FGF7,True,True,True,True
415,RSPO2,True,True,True,False
416,GMFB,False,False,True,False
417,TAC1,True,True,True,True
418,NID2,True,False,False,False
419,GNAI3,True,False,False,False
420,ADCYAP1,True,True,True,True
421,COL17A1,True,True,False,False
422,CATSPER1,True,True,False,False
423,SCN10A,True,False,False,False
424,FNDC5,True,False,False,False
425,KLRF1,True,True,False,False
426,WNT8B,True,True,True,True
427,MFNG,True,False,False,False
428,AMIGO1,False,False,True,False
429,INPP5K,False,False,True,False
430,CLEC4A,True,False,False,False
431,EPHA3,True,True,True,True
432,RYR1,True,False,True,False
433,ADRA1D,False,True,True,False
434,IDE,False,True,False,False
435,EFNA2,True,True,True,True
436,CNGA4,False,False,True,False
437,DMP1,True,False,False,True
438,VCAM1,True,True,True,True
439,GNAS,True,False,False,False
440,PHEX,True,False,False,False
441,HSPG2,True,False,True,True
442,LMAN1,True,False,False,False
443,ENPP1,True,False,False,False
444,KL,True,True,True,False
445,ALKAL1,True,False,False,False
446,FAP,True,False,False,False
447,LAMP2,True,False,False,False
448,IFNA17,True,True,True,True
449,MUC1,True,False,False,False
450,IFNA6,True,True,True,True
451,GNRH1,True,True,True,True
452,CNR1,True,True,True,False
453,HLA-DOA,True,False,False,True
454,NCL,True,False,False,True
455,CHRM5,False,True,True,False
456,SMAP1,True,False,False,False
457,PDCD1LG2,True,True,True,True
458,CCL23,True,True,True,True
459,HLA-DPB1,True,True,False,True
460,KLRC3,True,True,False,True
461,LAMB1,True,False,True,True
462,DCBLD2,True,False,False,False
463,LRP5,True,True,True,True
464,P4HB,True,True,False,True
465,COL8A2,True,True,False,False
466,RABEP1,False,False,True,False
467,CHRNA1,True,True,True,True
468,GALR3,True,True,True,True
469,TAS2R16,False,False,True,False
470,CDH9,True,False,True,False
471,PLXNB2,True,True,True,True
472,HSD17B6,False,True,False,False
473,IFNA21,True,True,True,True
474,PCDHA4,False,False,True,True
475,GPHB5,True,True,False,False
476,ADAM9,True,False,True,False
477,LAYN,True,False,False,False
478,TFPI,True,False,True,False
479,ADORA3,True,True,True,True
480,ACTR2,True,False,False,False
481,ATP5F1B,True,False,False,False
482,GDF1,True,True,True,True
483,FTL,False,True,False,False
484,TNFRSF19,True,False,True,False
485,C1orf194,True,False,False,False
486,PLXNA2,True,True,True,True
487,GPR42,True,True,False,False
488,BMP7,True,True,True,True
489,NPY5R,True,True,True,True
490,PDGFRA,True,True,True,True
491,IL2RA,True,True,True,True
492,P2RX4,False,False,True,False
493,SIGLEC14,True,False,False,False
494,CD99,True,True,True,True
495,XCL2,True,True,True,True
496,MAGI1,True,False,False,False
497,COL21A1,False,True,False,False
498,SIGLEC9,True,False,False,False
499,FDXR,False,True,False,False
500,PCDHGA7,True,False,True,True
501,TRPV2,False,False,True,False
502,FZD10,True,True,True,True
503,CLUL1,True,False,False,False
504,ACKR3,True,True,True,True
505,TYR,False,True,False,False
506,LRRTM3,True,False,False,True
507,CDH4,False,False,True,True
508,AGER,True,True,True,False
509,CYP11A1,False,True,False,False
510,CNTFR,True,True,True,False
511,CCL27,True,True,True,True
512,FZD3,True,True,True,True
513,AKR1C3,False,True,False,False
514,TMPRSS6,True,False,False,False
515,APOD,True,False,False,False
516,SEMA6A,True,True,False,True
517,TNFRSF10A,True,True,True,True
518,TMEM161A,True,False,False,False
519,PCSK4,True,False,False,False
520,A2M,True,False,True,False
521,GFRA2,True,True,True,True
522,CEACAM5,True,True,False,True
523,CATSPER2,False,True,False,False
524,GPC2,True,False,False,False
525,CTF1,True,False,True,True
526,COL15A1,False,True,False,False
527,CAMP,True,True,True,False
528,KIR2DL4,True,False,True,False
529,SDC1,True,False,True,True
530,PTGFR,False,True,True,False
531,EPHB3,True,True,True,True
532,PLSCR4,True,False,False,False
533,WNT3,True,True,True,True
534,UCN2,True,True,True,True
535,KLRK1,True,True,True,True
536,PVRIG,True,False,True,False
537,NOG,True,False,False,False
538,CCR5,True,True,True,True
539,S100A1,True,False,False,False
540,NAMPT,True,True,True,True
541,PSAP,True,True,True,True
542,NECTIN4,True,True,True,True
543,ULBP3,True,True,False,True
544,ICAM2,True,True,True,True
545,PLXDC1,True,False,False,False
546,NGF,True,True,True,True
547,SEMA3B,True,False,True,True
548,NOV,False,True,True,False
549,CLEC2D,True,True,False,True
550,FCRL1,True,False,False,False
551,NTRK1,True,True,True,True
552,HLA-DRB1,True,True,False,True
553,PSPN,True,True,True,True
554,SHBG,True,False,False,False
555,CCK,True,True,True,True
556,SFRP4,True,True,True,False
557,HTR3C,False,True,False,False
558,LRTM2,True,False,False,False
559,BTNL9,True,False,False,False
560,DCHS1,True,False,True,False
561,TNN,True,False,False,True
562,CD5L,True,False,False,False
563,NTS,True,True,True,True
564,TBXA2R,True,True,True,False
565,ITGAD,True,True,True,True
566,CCL14,True,True,True,True
567,CRISP3,True,False,False,False
568,CLEC1B,True,False,False,True
569,AGRN,True,True,True,True
570,TRPM2,True,False,False,False
571,LPAR2,True,False,True,True
572,TPSB2,True,False,False,False
573,NTSR2,True,False,True,True
574,ITGA10,True,True,True,True
575,NXNL1,False,True,False,False
576,CORIN,True,False,True,False
577,CHRNB3,True,True,False,True
578,CADM3,True,True,True,True
579,GCGR,True,True,True,True
580,ALDH1A3,False,True,False,False
581,LGI3,True,False,False,False
582,PDE1B,True,False,True,False
583,EDN3,True,False,True,True
584,LILRB3,True,False,False,True
585,GRIN1,False,False,True,False
586,GCG,True,True,True,True
587,LYVE1,True,False,True,False
588,F12,True,False,False,False
589,SORCS2,True,False,True,False
590,LRIG2,True,False,False,False
591,PCDHA2,False,False,True,True
592,MLNR,True,True,True,False
593,SCEL,True,False,False,False
594,ADORA1,True,True,True,True
595,PTPRO,True,False,True,False
596,CDH5,True,False,True,True
597,CD93,True,False,False,False
598,STAB1,True,False,False,False
599,CSHL1,True,True,True,False
600,FLT1,True,True,True,True
601,CMTM6,False,False,True,False
602,CCRL2,True,True,True,False
603,MST1R,True,True,True,False
604,CXCL17,True,True,False,False
605,PTPRT,True,False,True,False
606,CD47,True,True,True,True
607,CNMD,True,False,False,False
608,SH2B3,True,False,False,False
609,F10,True,True,False,False
610,FAT2,False,False,True,False
611,AGT,True,True,True,True
612,KLRC1,True,True,True,True
613,ILDR1,True,False,False,False
614,HAS1,True,False,False,False
615,AGTRAP,True,False,True,False
616,PGR,False,True,True,False
617,SCG2,False,False,True,False
618,FYN,True,False,False,False
619,INHBC,True,True,True,True
620,GPR45,False,False,True,False
621,SIGLEC15,True,True,False,False
622,HCAR1,False,False,True,False
623,CALCRL,True,True,True,True
624,SCGB3A1,True,True,True,False
625,SFTPA2,True,False,False,False
626,S1PR5,True,False,True,False
627,SORT1,True,True,True,True
628,FGG,True,True,False,False
629,PDCD1,True,True,True,True
630,KEL,True,False,False,False
631,NEO1,True,False,True,False
632,DUSP18,True,False,True,False
633,PDAP1,True,False,False,False
634,TSPAN13,True,False,False,False
635,BMP15,True,True,True,True
636,CSF3,True,True,True,True
637,PTPRU,True,True,False,False
638,PRSS3,True,False,False,True
639,CLDN2,True,False,False,True
640,LGALS1,True,False,False,False
641,NR1H2,False,True,False,False
642,TNF,True,True,True,True
643,PF4,True,True,True,True
644,VASP,True,False,False,False
645,CEACAM20,True,False,False,False
646,BTN2A2,True,False,False,False
647,FAM3B,True,False,False,False
648,PTK7,True,False,True,False
649,PTPRA,True,False,True,False
650,MIF,True,True,True,True
651,MICB,True,True,False,True
652,SCARA5,True,True,False,False
653,HSD17B12,False,True,False,False
654,GPR52,False,False,True,False
655,CEACAM19,True,False,False,False
656,BOC,True,True,True,False
657,CCL24,True,True,True,True
658,CD1A,True,False,False,False
659,KCNQ1,True,False,False,False
660,LRRTM2,True,False,False,True
661,MMP2,True,True,False,True
662,RPH3A,True,False,False,False
663,PCDHA7,False,False,True,True
664,MPZ,True,False,True,True
665,CLEC4G,True,False,False,False
666,FAM213B,False,True,False,False
667,GPR37L1,True,True,True,True
668,IL1B,True,True,True,True
669,PTPRB,True,False,True,False
670,RAMP3,True,True,True,True
671,ADAM21,True,False,False,False
672,CD33,True,False,True,False
673,IFNA13,False,False,True,True
674,IL4,True,True,True,True
675,KCNJ15,True,False,True,False
676,LTA,True,True,True,True
677,PROC,True,True,True,True
678,IL25,True,True,True,True
679,LAMC2,True,False,True,True
680,IFNAR2,True,True,True,False
681,FZD5,True,True,True,True
682,THBS1,True,True,True,True
683,OLR1,True,False,False,False
684,CLEC7A,False,False,True,False
685,TLR7,True,False,False,False
686,EPCAM,True,False,False,False
687,F3,True,False,True,False
688,AQP6,True,False,False,False
689,LHB,True,True,True,True
690,WFIKKN2,True,False,False,False
691,GABRB1,False,False,True,False
692,SLITRK1,True,False,False,True
693,NPPC,True,True,True,True
694,TAFA4,True,False,False,True
695,RAET1E,True,True,False,True
696,DSG4,True,False,True,True
697,MMP12,True,False,False,False
698,AZGP1,True,False,False,False
699,NXPH1,True,False,True,False
700,CARTPT,False,False,True,False
701,INS,True,True,True,True
702,EDAR,True,True,True,True
703,VLDLR,True,True,True,True
704,EPHB1,True,True,True,True
705,DCC,True,True,True,True
706,PLAU,True,True,True,True
707,CEACAM3,True,False,False,False
708,CADM1,True,True,True,True
709,C1orf112,True,False,False,False
710,PGRMC2,True,True,False,False
711,F8,True,False,True,False
712,TGFB1,True,True,True,True
713,CXCL14,True,True,True,False
714,LTB4R2,False,True,True,False
715,IZUMO1,True,False,False,False
716,MXRA8,True,False,False,False
717,GYPE,True,False,False,False
718,TREML4,True,False,False,False
719,QRFPR,True,True,True,True
720,COL5A2,True,True,False,False
721,TNFRSF4,True,True,True,True
722,GJB2,True,False,False,False
723,S100A9,True,False,False,False
724,FARP2,True,False,False,False
725,NPW,True,True,True,True
726,RASA3,False,False,True,False
727,KIAA0319L,True,False,False,False
728,ADAM29,True,False,False,False
729,ITGB8,True,True,True,False
730,SUCNR1,False,False,True,False
731,RIMS2,True,False,False,False
732,ATP6AP2,True,True,True,False
733,ACE2,True,True,False,False
734,HRH1,True,True,True,False
735,UNC5A,True,True,True,True
736,HSP90AA1,True,False,False,False
737,ERFE,True,True,False,False
738,LRFN2,True,False,False,False
739,IL1RAPL2,True,False,False,False
740,IFNA7,True,True,True,True
741,SIGLEC12,True,False,False,False
742,HCAR3,False,False,True,False
743,TGFB2,True,True,True,True
744,CXCR5,True,True,True,True
745,LRP11,True,False,True,False
746,THSD7A,True,False,False,False
747,LIPA,False,True,False,False
748,BMP1,True,False,True,False
749,CDHR1,False,False,True,False
750,OPN4,False,False,True,False
751,CFTR,True,False,True,False
752,ACVR1B,True,True,True,True
753,CHRNB4,True,True,False,True
754,AREG,True,True,True,True
755,SLC3A2,True,False,False,False
756,NXPH3,True,False,True,False
757,TIMP3,True,False,False,False
758,DLG3,False,False,True,False
759,OXTR,True,True,True,True
760,NRTN,True,True,True,True
761,BTLA,True,True,True,True
762,ALK,True,True,True,True
763,CD27,True,True,True,True
764,CD37,True,False,False,False
765,CLDN14,True,False,False,False
766,TNFRSF13C,True,True,True,True
767,FGF2,True,True,True,True
768,IL27,True,True,True,True
769,CYP21A2,False,True,False,False
770,EFNB1,True,True,True,True
771,SV2B,True,False,False,True
772,MTNR1B,True,True,True,False
773,CD74,True,True,True,True
774,BMP4,True,True,True,True
775,CRH,True,True,True,True
776,FGF20,True,True,True,True
777,BMP10,True,True,True,True
778,LRP8,True,True,True,True
779,GGT1,True,True,False,False
780,CSF3R,True,True,True,True
781,TLR1,True,False,True,False
782,PATJ,True,False,False,False
783,GRK5,True,False,False,False
784,CSPG4,True,True,False,True
785,RSPO3,True,True,True,False
786,SLITRK2,True,False,False,True
787,DDC,False,True,False,False
788,CATSPERB,False,True,False,False
789,SIRPG,True,True,False,True
790,GABRA5,False,False,True,False
791,THBS2,True,True,True,True
792,PDGFC,True,True,True,True
793,LRP4,True,True,False,False
794,CEL,True,True,False,False
795,TAS2R1,False,False,True,False
796,PTPRJ,True,False,False,False
797,TMEM167A,True,False,False,False
798,PCDHB7,True,False,False,True
799,TNFRSF12A,True,True,True,True
800,MMRN2,True,False,False,False
801,TPO,True,True,False,False
802,BMP3,True,False,True,False
803,APOE,True,True,True,True
804,F13A1,True,False,False,False
805,PCDHA5,False,False,True,True
806,PPARD,False,True,False,False
807,COL10A1,True,True,False,False
808,AMFR,True,False,True,False
809,CXCL2,True,True,True,True
810,TNFRSF11A,True,True,True,True
811,TEK,True,True,True,True
812,CD320,True,False,True,False
813,GABRB2,True,False,True,False
814,HDC,True,True,True,False
815,RACK1,True,False,True,False
816,SYTL3,True,False,False,False
817,CCR6,True,True,True,True
818,MRGPRX4,True,False,False,False
819,APOO,True,False,False,False
820,NRG4,True,True,True,True
821,MCAM,True,False,False,True
822,TNFSF11,True,True,True,True
823,ADGRV1,True,True,True,False
824,CNTF,True,True,True,True
825,VTN,True,True,True,True
826,COL4A6,True,True,False,True
827,DRD2,True,True,True,False
828,S1PR3,True,False,True,False
829,LIFR,True,True,True,False
830,CD247,True,False,True,False
831,ANGPTL1,True,False,True,True
832,CHRND,True,False,False,True
833,CERS6,True,False,False,False
834,EFNA5,True,True,True,True
835,TDGF1,True,True,True,False
836,CAV1,True,False,False,False
837,P2RY1,False,False,True,False
838,APOC3,True,False,False,False
839,ADAM11,True,False,False,False
840,SRD5A1,False,True,False,False
841,HTR2C,True,True,True,False
842,GABBR2,True,False,True,False
843,EPHA5,True,True,True,True
844,LGALS3,True,True,True,False
845,IFNGR2,True,True,True,False
846,TAS2R39,False,False,True,False
847,FSTL1,True,False,False,False
848,VSTM2L,True,False,False,False
849,FGF21,True,True,True,True
850,GABRA4,False,False,True,False
851,TRAF3,True,False,False,False
852,CD36,True,True,True,True
853,FGFRL1,True,True,True,False
854,SDK1,False,False,True,False
855,ANGPTL5,True,False,False,False
856,GPER1,False,True,True,False
857,GUCA2B,True,True,True,True
858,CACNA1C,True,False,False,False
859,NPFFR2,True,False,True,True
860,RARRES2,True,True,True,True
861,GPRC5D,True,True,False,False
862,ADAM7,True,False,False,False
863,C1QTNF5,True,False,False,False
864,DKK4,True,False,False,False
865,RAMP2,True,True,True,True
866,SHISA4,True,False,False,False
867,DBH,False,True,False,False
868,TSPAN33,True,False,False,False
869,GH2,True,True,True,False
870,IL11RA,True,True,True,True
871,SFTPA1,True,False,False,False
872,CD48,True,True,False,True
873,PTGER4,True,True,True,False
874,FAM3D,True,False,True,False
875,TNFRSF21,True,True,True,True
876,LPL,True,False,False,False
877,PCDHB8,False,False,True,True
878,PSG4,True,False,False,False
879,SLC16A2,True,False,False,False
880,CLEC2B,True,True,False,True
881,NTF3,True,True,True,True
882,NGFR,True,True,True,True
883,KIR2DS3,True,False,False,False
884,MS4A1,True,False,False,False
885,TIMP2,True,False,False,False
886,IRAK4,True,False,False,False
887,ANGPT4,True,True,True,False
888,CD59,True,False,False,False
889,GP9,True,False,True,False
890,CRP,True,False,False,False
891,LAT,True,False,False,False
892,IL4R,True,True,True,True
893,SULT1A1,False,True,False,False
894,SHH,True,True,True,True
895,RELN,True,True,True,True
896,CCL4,True,True,True,True
897,DLL3,True,True,True,True
898,OPRD1,True,True,True,True
899,CD1C,True,False,False,False
900,CEACAM1,True,True,True,True
901,POMC,True,True,True,True
902,HTR4,True,True,True,False
903,PTK2,True,False,False,False
904,SV2A,True,False,True,True
905,GABRA1,False,False,True,False
906,TSPAN17,True,False,False,False
907,PLAT,True,False,True,False
908,ANTXR1,True,True,True,False
909,SCN2B,True,False,False,False
910,TNR,True,False,False,True
911,LOC101059948,True,False,False,False
912,CHRNA3,True,True,False,True
913,ADGRF5,True,False,False,False
914,ETV5,True,False,False,False
915,SLAMF6,True,False,False,False
916,PTGDR,True,True,True,False
917,CLCA2,False,False,True,False
918,SERTAD1,True,False,False,False
919,PGF,True,True,True,True
920,LIPH,True,False,True,False
921,PLPP6,True,False,False,False
922,CCR10,True,True,True,True
923,NOTCH2,True,True,True,True
924,LRRC52,True,False,False,False
925,ACP4,True,False,False,False
926,CLEC14A,True,False,False,False
927,PLB1,True,False,False,False
928,EPN1,True,False,False,False
929,SST,True,True,True,True
930,GLRA2,True,True,True,False
931,CLEC12A,True,False,False,False
932,GNRH2,True,True,True,False
933,PEPD,True,False,False,False
934,NPTX1,True,False,False,False
935,MPZL3,True,False,False,False
936,ADAM10,True,False,False,False
937,DAGLA,False,True,False,False
938,FAT1,False,False,True,False
939,TACR3,True,True,True,True
940,ADIPOR1,True,True,True,True
941,GPR15L,True,False,False,False
942,KCND1,True,False,False,False
943,ALOX5AP,True,True,True,False
944,FOLR1,False,False,True,False
945,TREML2,True,True,False,True
946,EPHA8,True,True,True,True
947,NLGN2,True,False,True,True
948,DEFB1,True,False,False,False
949,COL9A2,True,True,False,True
950,BMP8A,True,True,True,True
951,KRT1,False,False,True,False
952,AR,True,True,True,False
953,CD160,True,True,False,True
954,UCN,True,True,True,True
955,LILRA3,True,False,False,False
956,ASIP,True,True,True,False
957,ITGB2,True,True,True,False
958,CSF2RA,True,True,True,False
959,DLK1,True,True,True,True
960,CHRM1,True,True,True,False
961,PROKR2,True,True,True,True
962,PDYN,True,True,True,True
963,CHRNA5,True,True,False,True
964,EFNA3,True,True,True,True
965,PLXNA4,True,True,True,True
966,YIF1A,True,False,False,False
967,CD4,True,False,True,True
968,OBP2A,True,False,False,False
969,PROK1,True,True,True,True
970,PECAM1,True,True,True,True
971,FGF6,True,True,True,True
972,NEGR1,True,False,True,True
973,NCAM1,True,True,True,True
974,TIMP1,True,True,True,False
975,PARD6A,True,False,False,False
976,LTA4H,False,True,False,False
977,TNFRSF1A,True,True,True,True
978,DEFB4A,False,False,True,False
979,BPI,True,False,False,False
980,SLC5A11,True,False,False,False
981,JMJD6,True,False,True,False
982,LDLR,True,True,True,False
983,CCKBR,True,True,True,True
984,TSKU,False,False,True,False
985,SPX,True,True,False,False
986,TSPAN10,True,False,False,False
987,S1PR1,True,False,True,False
988,NPY4R,True,True,True,True
989,MPZL2,True,False,False,False
990,KLRD1,True,True,True,False
991,PSG6,True,False,False,False
992,LY6G6F,True,False,False,False
993,PTK2B,False,False,True,False
994,IL20RA,True,True,True,True
995,ADGRA2,True,False,False,True
996,EDNRA,True,True,True,True
997,FGF11,True,False,True,False
998,CXCL16,True,True,True,True
999,CLEC12B,True,False,False,False
1000,HAPLN1,True,False,False,False
1001,KISS1R,True,True,True,True
1002,COL24A1,False,True,False,False
1003,CD3G,True,False,True,False
1004,CHRNA4,True,True,False,True
1005,ROS1,True,True,False,False
1006,CALM1,True,False,True,False
1007,PIK3R1,True,False,False,False
1008,DHCR24,False,True,False,False
1009,ADAMTS3,True,False,False,False
1010,IL36RN,True,True,False,False
1011,S100A4,True,False,False,False
1012,IL1F10,True,True,True,True
1013,ANGPT2,True,True,True,True
1014,PPY,True,True,True,True
1015,AFDN,True,False,False,False
1016,GPC6,True,False,True,False
1017,IGFBP5,True,False,False,False
1018,UNC5C,True,True,True,True
1019,PRTG,True,False,False,False
1020,EPHB6,True,True,True,True
1021,ITM2B,True,False,False,False
1022,CASR,True,False,True,False
1023,OXGR1,False,False,True,False
1024,DDR2,True,False,True,False
1025,FAM187B,True,False,False,False
1026,TLR9,True,False,True,False
1027,IL24,True,True,True,True
1028,LILRA4,True,True,False,False
1029,HTR3E,False,True,False,False
1030,CHRNA9,True,False,True,True
1031,ADA,True,False,False,False
1032,FGF9,True,True,True,True
1033,SLC37A1,True,False,False,False
1034,FCRL6,True,False,False,False
1035,MSR1,False,False,True,False
1036,PODXL,True,True,False,True
1037,MUC6,True,False,False,False
1038,KRTAP4-12,True,False,False,False
1039,IL36G,True,True,True,True
1040,BST1,True,False,False,False
1041,VTCN1,True,False,False,False
1042,SDC3,True,False,True,True
1043,COL6A5,True,True,False,True
1044,CD180,True,False,False,False
1045,FGF8,True,True,True,True
1046,AQP5,True,False,False,False
1047,ARF1,True,True,True,False
1048,FLRT1,True,False,False,True
1049,CCL26,True,True,True,True
1050,SDC2,True,False,True,True
1051,GPR182,True,False,True,False
1052,PCDHA12,False,False,True,True
1053,ADIPOQ,True,True,True,True
1054,SERPINE2,True,False,True,False
1055,CEACAM4,True,False,False,False
1056,FAS,True,True,True,True
1057,ARMH4,True,False,False,False
1058,LAMA1,True,False,True,True
1059,KCNA2,True,False,False,False
1060,RHAG,True,False,False,False
1061,KIR2DL2,True,False,False,True
1062,GUCY2F,True,False,False,False
1063,OR2T6,False,False,True,False
1064,A1BG,True,False,False,False
1065,CALCB,True,True,True,True
1066,CFH,True,False,True,False
1067,C6orf15,True,False,False,False
1068,ITLN1,True,False,False,False
1069,GAS6,True,True,True,True
1070,CHRNA7,True,True,False,True
1071,AGTR2,True,True,True,True
1072,CRLF3,True,False,False,False
1073,ADGRG3,True,True,False,False
1074,PCDH9,False,False,True,False
1075,EBP,False,False,True,False
1076,RPS19,True,True,True,False
1077,APOC1,True,False,False,False
1078,BRS3,True,False,False,False
1079,CCL25,True,True,True,True
1080,HSPA1A,True,False,False,False
1081,WNT4,True,True,True,True
1082,MOG,True,False,False,False
1083,KREMEN2,True,True,True,False
1084,TNFRSF9,True,True,True,True
1085,GRM4,True,False,True,False
1086,ICOS,True,False,True,True
1087,CD1B,True,False,False,False
1088,NETO2,True,True,False,False
1089,FFAR1,False,False,True,False
1090,IL17A,True,True,True,True
1091,ADO,True,False,False,False
1092,IL13,True,True,True,True
1093,TGM2,True,False,False,True
1094,DYSF,True,False,False,False
1095,CD200R1,True,True,True,True
1096,ARTN,True,True,True,True
1097,PCDHGB1,False,False,True,True
1098,SOST,True,False,True,False
1099,CTTN,True,False,False,False
1100,PCDHB3,True,False,True,True
1101,PROKR1,True,True,True,True
1102,ITGB6,True,True,True,False
1103,RHBDF2,True,False,False,False
1104,IGFLR1,True,True,False,True
1105,GNA15,True,False,False,False
1106,CLDN24,False,False,True,False
1107,LPAR4,True,False,True,False
1108,PTPRZ1,True,True,True,True
1109,CATSPER3,False,True,False,False
1110,PCDHAC1,True,False,False,True
1111,MILR1,True,False,False,False
1112,SLC45A3,True,False,False,False
1113,LRRC4,True,False,True,True
1114,GC,True,False,False,False
1115,ADGRL3,False,False,True,True
1116,MICA,True,True,False,True
1117,CCR1,True,True,True,True
1118,FCAMR,True,False,False,False
1119,IMPG2,True,False,False,False
1120,HRG,True,False,False,False
1121,RSPO4,True,True,True,False
1122,IGSF8,True,False,False,False
1123,PILRB,True,False,False,False
1124,SEMA4D,True,True,True,True
1125,MATN1,True,False,False,False
1126,IL18,True,True,True,True
1127,PPARG,False,True,False,False
1128,CLDN9,True,False,False,False
1129,LILRA5,True,False,False,False
1130,ITGA1,True,True,True,False
1131,CALCA,True,True,True,True
1132,CD81,True,False,False,False
1133,CHRNB2,True,True,False,True
1134,HLA-F,True,True,True,True
1135,GJA4,True,False,False,False
1136,LEAP2,True,True,False,False
1137,FDX1,False,True,False,False
1138,RGMA,True,False,True,False
1139,EPHA1,True,True,True,True
1140,PTGIR,True,True,True,False
1141,GABBR1,True,False,True,False
1142,GPR152,True,True,False,False
1143,DDR1,True,True,True,False
1144,TRHDE,True,False,False,False
1145,HTR7,True,True,True,False
1146,RHO,False,False,True,False
1147,CALM3,True,False,True,False
1148,PCSK9,True,False,False,False
1149,RECK,True,False,False,False
1150,L1CAM,True,True,True,True
1151,PRLR,True,True,True,True
1152,LAMC1,True,True,False,True
1153,VIPR1,True,True,True,True
1154,DAG1,True,True,True,True
1155,SELL,True,True,True,True
1156,CHRNB1,True,False,False,True
1157,CNTN5,True,False,False,False
1158,PYY,True,True,True,True
1159,IL15RA,True,True,True,True
1160,NCAN,True,False,False,False
1161,ICAM5,True,False,True,True
1162,FGL1,True,True,False,False
1163,PLTP,True,False,False,False
1164,OCLN,True,False,True,True
1165,HLA-DQB2,True,True,True,False
1166,EPHA2,True,True,True,True
1167,CD300A,True,False,False,False
1168,ITGAX,True,True,True,True
1169,WNT2B,True,True,False,True
1170,PCDHB16,False,False,True,True
1171,TAS2R40,False,False,True,False
1172,IL1RL1,True,True,True,False
1173,LRIG1,True,False,False,False
1174,DLL1,True,True,True,True
1175,C4A,True,True,False,True
1176,IL1R1,True,True,True,False
1177,GP5,True,False,True,True
1178,SERPINC1,True,False,True,False
1179,PVR,True,True,True,True
1180,WNT9A,True,True,True,True
1181,FPR2,True,True,True,True
1182,MRC1,True,True,False,True
1183,KLRB1,True,True,False,True
1184,PLXND1,True,True,True,True
1185,DIO3,False,True,False,False
1186,GP1BB,True,True,True,False
1187,NRG2,True,True,True,True
1188,GPR35,True,True,True,False
1189,SEMA4F,True,False,False,False
1190,PPARA,False,True,False,False
1191,CD38,True,True,False,True
1192,IFNA1,True,True,True,True
1193,GDF9,True,True,True,True
1194,CD34,True,True,True,True
1195,LIN7B,True,False,False,False
1196,CNTNAP1,True,False,True,False
1197,PCDHA6,False,False,True,True
1198,GALR2,True,True,True,True
1199,EFNB2,True,True,True,True
1200,CLDN1,True,False,False,True
1201,CRISP2,True,False,False,False
1202,SPINK1,True,False,False,False
1203,IFNK,True,True,True,True
1204,DHH,True,True,True,True
1205,PKD2,False,False,True,False
1206,PTGFRN,True,False,False,False
1207,COL2A1,True,True,True,True
1208,F2R,True,False,True,True
1209,ESAM,True,False,True,True
1210,PTGS2,True,False,True,False
1211,CRKL,True,False,False,False
1212,BSG,True,True,False,True
1213,NCSTN,True,False,True,False
1214,VEGFA,True,True,True,True
1215,CSF2RB,True,True,True,True
1216,TMEM132A,True,False,False,False
1217,ACKR4,True,True,True,True
1218,HBEGF,True,True,True,True
1219,CD99L2,True,False,False,True
1220,TNFRSF10D,True,True,True,False
1221,BTC,True,True,True,True
1222,ORAI2,True,False,False,False
1223,ROBO1,True,True,True,True
1224,CDH10,True,False,True,False
1225,EGFL8,True,False,False,False
1226,GRM5,True,False,True,False
1227,PTN,True,True,True,True
1228,SOCS2,True,False,False,False
1229,CCR7,True,True,True,True
1230,CHAD,True,False,True,True
1231,TRPC5,True,False,False,False
1232,CCR2,True,True,True,True
1233,HTR2B,True,True,True,False
1234,GABRA2,False,False,True,False
1235,LAG3,True,True,False,False
1236,FGF4,True,True,True,True
1237,HCST,True,True,False,False
1238,GDF7,True,True,True,True
1239,MKS1,True,False,False,False
1240,IL10RB,True,True,True,True
1241,NTNG2,True,False,True,True
1242,VSIG10L,True,False,False,False
1243,BICD1,True,False,False,False
1244,VIM,True,False,False,False
1245,HLA-DQA2,True,False,True,True
1246,ASIC3,True,False,False,False
1247,FGF14,True,False,True,False
1248,CMKLR2,True,False,False,False
1249,PMCH,True,True,True,True
1250,DRD1,False,True,True,False
1251,ZG16B,True,False,False,False
1252,ADGRB2,True,False,False,True
1253,DEFB106B,True,False,False,False
1254,TRPC3,True,False,False,False
1255,CHL1,True,False,False,False
1256,IGSF5,True,False,False,False
1257,COL1A1,True,True,True,True
1258,APP,True,True,True,True
1259,FA2H,True,False,False,False
1260,JAK2,True,False,False,False
1261,S100A10,True,False,False,False
1262,INSL3,True,True,True,True
1263,GNRHR,True,True,True,True
1264,ITGA5,True,True,True,True
1265,ADRA1B,True,True,True,False
1266,IL7R,True,True,True,False
1267,WNT11,True,True,True,True
1268,CD8B,True,True,False,True
1269,TCTN3,True,False,False,False
1270,EPHA10,True,False,True,False
1271,SLC4A11,True,False,False,False
1272,KCNJ1,False,False,True,False
1273,MAG,True,False,True,True
1274,BGN,True,False,False,False
1275,IFNA10,True,True,True,True
1276,CD44,True,True,True,True
1277,FFAR2,True,True,True,False
1278,IGSF11,True,False,False,True
1279,ICOSLG,True,False,True,True
1280,GRK2,True,False,False,False
1281,DBP,True,False,False,False
1282,MUC2,True,False,False,False
1283,PLEKHO2,False,False,True,False
1284,WNT5B,True,True,False,True
1285,IFNE,True,True,True,True
1286,NELL2,True,True,False,False
1287,THRA,False,True,False,False
1288,PCDHGB4,True,False,False,True
1289,TULP1,False,True,False,True
1290,UTS2B,True,True,True,True
1291,CD68,True,False,False,False
1292,TLR5,True,False,False,False
1293,GABRQ,False,False,True,False
1294,SIGLEC10,True,True,False,False
1295,CD2,True,True,True,False
1296,CCR9,True,True,True,True
1297,SPP1,True,True,True,True
1298,MPDZ,True,False,False,False
1299,CFC1,True,True,False,False
1300,JAG2,True,True,True,True
1301,HRAS,True,False,False,False
1302,ALCAM,True,True,True,True
1303,ULBP2,True,True,True,True
1304,CCN4,True,False,False,False
1305,CD82,True,False,False,False
1306,NPR2,True,True,True,True
1307,PTHLH,True,True,True,True
1308,MET,True,True,True,True
1309,DSC2,True,True,True,True
1310,CHAT,False,True,False,False
1311,CLDN4,True,False,False,False
1312,VASN,True,False,False,False
1313,SAA1,True,True,True,True
1314,PCDH15,False,False,True,False
1315,PTGES,False,True,False,False
1316,IGF1,True,True,True,True
1317,ITGB4,True,True,True,False
1318,CXADR,True,True,False,False
1319,CD226,True,True,True,True
1320,IL10,True,True,True,True
1321,CEACAM7,True,False,False,False
1322,IL22RA2,True,False,True,False
1323,BTN2A1,True,False,False,False
1324,ACKR1,True,True,True,True
1325,NRP1,True,True,True,True
1326,TARM1,True,False,False,False
1327,ART1,True,False,False,False
1328,NMU,True,True,True,True
1329,NLGN4Y,False,False,True,False
1330,DLL4,True,True,True,True
1331,SIGLEC6,True,False,False,False
1332,NECTIN2,True,True,True,True
1333,LRPAP1,True,True,True,False
1334,KCND2,True,False,False,False
1335,GRM1,True,False,True,False
1336,TNFSF15,True,True,True,True
1337,ANGPTL4,True,False,False,True
1338,LEFTY1,True,True,True,False
1339,NTN3,True,False,True,False
1340,NTSR1,True,True,True,True
1341,LGR5,True,True,True,False
1342,LAMB3,True,False,False,True
1343,CD19,True,False,False,False
1344,SLC6A19,True,False,False,False
1345,PDGFA,True,True,True,True
1346,ITGAE,True,True,True,True
1347,XCL1,True,True,True,True
1348,IL21,True,True,True,True
1349,TREM2,True,True,True,True
1350,ATP2A2,True,False,False,False
1351,SCT,True,True,True,True
1352,INHA,True,True,True,True
1353,ADIPOR2,True,True,True,True
1354,BMPR2,True,True,True,True
1355,FSHB,True,True,True,True
1356,HCRTR2,True,True,True,True
1357,PITPNM3,True,False,False,False
1358,CDH6,True,False,True,False
1359,ERBB4,True,True,True,True
1360,ERAP1,True,False,True,False
1361,C4B,True,False,False,False
1362,ITGAL,True,True,True,True
1363,SCARF1,True,False,True,False
1364,RBP4,True,True,False,True
1365,SPACA6,True,False,False,False
1366,HAVCR2,True,True,False,True
1367,NMB,True,True,True,True
1368,SEMA3F,True,True,True,True
1369,MGLL,True,False,False,False
1370,TGS1,True,False,False,False
1371,KIRREL3,True,False,False,False
1372,KISS1,True,True,True,True
1373,LGALS8,True,False,False,False
1374,LCN2,True,True,False,False
1375,ACVR1,True,True,True,True
1376,TACR2,True,True,True,True
1377,COL9A3,True,True,False,True
1378,SERPINE1,True,False,True,False
1379,CCL1,True,True,True,True
1380,TYROBP,True,True,False,False
1381,PCDHGA11,False,False,True,True
1382,NMBR,True,True,True,True
1383,NMS,True,True,True,True
1384,TNFRSF6B,True,True,True,False
1385,KIR2DS2,True,False,False,False
1386,PLSCR1,True,False,False,False
1387,CXCL6,True,True,True,True
1388,CRABP2,False,True,False,False
1389,GNA11,True,False,False,False
1390,SIGLEC5,True,False,False,False
1391,CDH17,False,False,True,False
1392,IL7,True,True,True,True
1393,TRPV1,True,False,True,False
1394,FAT3,False,False,True,False
1395,TYK2,True,False,False,False
1396,CNR2,True,True,True,False
1397,HRH4,True,True,True,False
1398,GDF2,True,True,True,True
1399,ASGR1,True,False,True,False
1400,KIR2DS5,True,False,False,False
1401,FDX2,False,True,False,False
1402,PIK3CB,False,False,True,False
1403,NR1H4,False,True,False,False
1404,GSTM2,True,False,False,False
1405,JAM2,True,True,True,True
1406,UCN3,True,True,True,True
1407,TG,True,True,True,False
1408,CCL3L3,False,False,True,True
1409,HLA-E,True,True,True,True
1410,PROS1,True,True,True,True
1411,CD14,True,False,False,False
1412,LTB4R,False,True,True,False
1413,MFRP,True,False,False,False
1414,FN1,True,True,True,True
1415,MST1,True,True,True,False
1416,GPR27,False,False,True,False
1417,SLITRK6,True,False,False,True
1418,KITLG,True,True,True,True
1419,CUL5,False,False,True,False
1420,FMOD,True,False,False,False
1421,CPNE3,True,False,False,False
1422,TTYH1,True,False,False,False
1423,ITGA11,True,True,True,False
1424,SIRPB1,True,True,False,False
1425,TLR8,False,True,False,False
1426,IFNA16,True,True,True,True
1427,CYP11B1,False,True,False,False
1428,RRBP1,False,False,True,False
1429,PCDHA9,False,False,True,True
1430,LGALS3BP,True,False,False,False
1431,AMIGO2,True,False,True,False
1432,TPSAB1,True,False,False,False
1433,CD40,True,True,True,True
1434,PORCN,True,False,False,False
1435,LTB,True,True,True,True
1436,SDK2,True,False,True,False
1437,ST6GAL1,True,False,False,False
1438,ALDH1A1,False,True,False,False
1439,SSTR3,True,True,True,True
1440,CD151,True,False,True,False
1441,LY9,True,False,False,False
1442,MADCAM1,True,True,True,True
1443,GUCA1A,True,False,False,False
1444,ALKAL2,True,False,False,False
1445,LRP6,True,True,True,False
1446,LAMA2,True,False,True,True
1447,GAS1,True,True,False,False
1448,IGSF1,True,False,True,False
1449,C4BPA,True,False,False,False
1450,CYP11B2,False,True,False,False
1451,SFRP5,True,True,False,False
1452,EDIL3,True,False,False,False
1453,ERG28,True,False,False,False
1454,TNFRSF10B,True,True,True,False
1455,MSN,True,False,False,False
1456,FASLG,True,True,True,True
1457,SLC7A1,True,True,False,False
1458,GRIA2,False,False,True,False
1459,TREM1,True,False,True,False
1460,PRKCZ,True,False,False,False
1461,S100A8,True,False,False,False
1462,DCN,True,False,False,False
1463,TFF2,True,False,False,False
1464,MCC,False,False,True,False
1465,SOSTDC1,True,True,False,False
1466,FAM19A1,False,True,False,False
1467,MMP16,True,False,False,False
1468,COL3A1,True,True,False,True
1469,CEACAM6,True,True,False,True
1470,FBLN2,True,False,False,False
1471,CXCR3,True,True,True,True
1472,RXFP2,True,True,True,True
1473,DRAXIN,True,False,False,False
1474,PTCH2,True,True,True,True
1475,GPRC6A,True,False,True,False
1476,IGDCC4,True,False,False,False
1477,GFRA1,True,True,True,True
1478,LY6G6C,True,False,False,False
1479,APLNR,True,True,True,True
1480,OSM,True,True,True,True
1481,GIP,True,True,True,True
1482,AMELY,True,False,False,False
1483,HSP90AB1,True,False,False,False
1484,IL20RB,True,True,True,True
1485,LRIT1,True,False,False,False
1486,BTN3A3,True,False,False,False
1487,IL1RL2,True,True,True,False
1488,HP,True,False,False,False
1489,DAB2,False,False,True,False
1490,GHR,True,True,True,True
1491,PDE1A,True,False,True,False
1492,HAMP,False,False,True,False
1493,KCNJ4,True,False,True,False
1494,GRID2,False,False,True,False
1495,EPO,True,True,True,True
1496,TGOLN2,True,False,False,False
1497,CRLF2,True,True,True,True
1498,PGLYRP1,True,False,True,False
1499,S100A12,True,False,False,False
1500,IL17C,True,True,True,True
1501,PDX1,True,False,False,False
1502,GNAI1,True,False,False,False
1503,CD24,True,True,True,False
1504,GDF5,True,True,True,True
1505,SEMA5B,True,False,False,True
1506,KCNQ3,True,False,False,False
1507,CADM2,True,False,True,False
1508,FGF3,True,True,True,True
1509,CLDN7,True,False,False,False
1510,GPR135,True,False,True,False
1511,CFP,True,False,False,False
1512,KLRC2,True,True,True,True
1513,SUSD2,False,True,False,False
1514,IL17RD,True,False,False,False
1515,CCL4L1,True,False,True,False
1516,PDCD2,True,False,False,False
1517,IL18RAP,True,True,True,True
1518,PTGES2,False,True,False,False
1519,GPC3,True,True,False,False
1520,DSG1,True,True,True,True
1521,RORC,False,True,False,False
1522,YARS,False,True,True,False
1523,SRC,True,False,False,False
1524,TAS2R41,False,False,True,False
1525,TNFRSF17,True,True,True,True
1526,NLGN1,True,False,True,True
1527,F9,True,False,True,False
1528,WISP3,False,True,True,False
1529,GPR1,False,True,True,True
1530,NCR3LG1,True,True,False,False
1531,SEMA7A,True,True,True,True
1532,C5,True,True,True,True
1533,FCN1,True,False,True,False
1534,CD52,True,True,False,False
1535,CD3D,True,False,True,False
1536,IBSP,True,False,True,True
1537,HSD3B1,False,True,False,False
1538,THBD,True,True,True,False
1539,CRTAM,True,True,True,True
1540,CX3CR1,True,True,True,True
1541,OXER1,False,True,False,False
1542,GRM3,True,False,True,False
1543,TNFRSF8,True,True,True,True
1544,DPP4,True,True,False,False
1545,IL12RB2,True,True,True,False
1546,SFTPD,True,False,False,True
1547,WISP2,False,False,True,False
1548,IL31,True,False,True,True
1549,TSPAN15,True,False,False,False
1550,FZD6,True,True,True,True
1551,TRPM3,True,False,False,False
1552,IGFBP7,True,False,False,False
1553,OXT,True,True,True,True
1554,GPC4,True,False,True,False
1555,IL2,True,True,True,True
1556,IL16,True,True,True,True
1557,PCDHAC2,False,False,True,True
1558,GPRC5B,True,True,False,False
1559,OSMR,True,True,True,False
1560,GDF11,True,True,True,True
1561,IL13RA1,True,True,True,True
1562,SEMA3A,True,True,True,True
1563,CD200,True,True,True,True
1564,RNASE2,True,False,False,False
1565,GSTP1,True,False,True,False
1566,EREG,True,True,True,True
1567,CHRNE,True,False,False,True
1568,POSTN,True,False,False,True
1569,PCDHB15,False,False,True,True
1570,SPON2,True,False,False,False
1571,LAMA3,True,True,False,True
1572,GRM8,True,False,True,False
1573,GIPR,True,True,True,True
1574,ANG,True,False,False,False
1575,GPR151,True,True,True,False
1576,IL20,True,True,True,True
1577,OPCML,True,False,False,False
1578,NAT10,True,False,False,False
1579,GRIA3,False,False,True,False
1580,CMKLR1,True,True,True,True
1581,ENPEP,True,False,False,False
1582,AGTR1,True,True,True,True
1583,HLA-DQA1,True,False,True,True
1584,NT5E,True,False,False,False
1585,GFAP,True,False,False,False
1586,MS4A4A,True,True,False,False
1587,YBX1,True,False,False,False
1588,TNFSF14,True,True,True,True
1589,NCOR1,True,False,False,False
1590,GUCY2D,True,False,False,False
1591,BST2,True,True,False,False
1592,TMIGD3,True,False,False,True
1593,MSMB,True,False,False,False
1594,LRIT2,True,False,False,False
1595,DEFB103A,True,False,False,False
1596,RXRG,False,True,False,False
1597,SCARB2,False,False,True,False
1598,FCRL4,True,True,False,False
1599,COL12A1,False,True,False,False
1600,SCARA3,False,False,True,False
1601,PTMA,True,False,False,False
1602,KCNQ5,True,False,False,False
1603,GAD1,True,False,True,False
1604,SFRP1,True,True,True,False
1605,CYP19A1,False,True,False,False
1606,YWHAQ,True,False,False,False
1607,FZD2,True,True,True,True
1608,IZUMO1R,True,False,False,False
1609,SCGB3A2,True,False,False,True
1610,MCHR1,True,True,True,True
1611,VCAN,True,False,False,False
1612,CCN2,True,False,False,False
1613,CXCR6,True,True,True,True
1614,CLDN3,True,False,False,True
1615,CD96,True,True,False,True
1616,NTNG1,True,False,True,True
1617,COL27A1,False,True,False,False
1618,DPEP1,False,True,False,False
1619,CNGB1,False,False,True,False
1620,CD300LG,True,False,False,False
1621,COL14A1,True,True,False,False
1622,RAET1L,True,True,False,True
1623,IFNL2,True,True,True,False
1624,TJP3,True,False,False,False
1625,PCDHA13,False,False,True,True
1626,IRS4,True,False,False,False
1627,MARCO,True,True,True,True
1628,IGFBP1,True,False,False,False
1629,LPAR3,True,False,True,True
1630,TGFBR2,True,True,True,True
1631,PLXNB3,True,True,True,True
1632,ADRB2,True,True,True,False
1633,CSF1R,True,True,True,True
1634,DCLK3,True,False,False,False
1635,CXCL10,True,True,True,True
1636,PTPRM,True,False,True,True
1637,ALOX12,False,True,False,False
1638,IL37,True,True,False,True
1639,IL5,True,True,True,True
1640,C5AR2,True,True,True,False
1641,IL18BP,True,False,False,False
1642,PDGFRB,True,True,True,True
1643,PSG7,True,False,False,False
1644,AHSG,True,False,False,False
1645,STUB1,True,False,False,False
1646,AGRP,True,True,True,False
1647,MYLK,True,False,True,False
1648,BDKRB1,True,True,True,True
1649,HDGF,False,False,True,False
1650,CCR4,True,True,True,True
1651,IFNL3,True,True,True,False
1652,BEX3,True,False,False,False
1653,COL4A1,True,True,True,True
1654,CD83,True,True,False,False
1655,ADM,True,True,True,True
1656,GPR143,False,True,False,False
1657,PLA2R1,True,False,False,False
1658,PRSS23,True,False,False,False
1659,FRS3,True,False,False,False
1660,JAM3,True,True,True,True
1661,CNTN1,True,True,True,True
1662,PTDSS1,True,False,True,False
1663,CRHR2,True,True,True,True
1664,CGN,True,False,False,False
1665,EPHA4,True,True,True,True
1666,PLG,True,True,True,True
1667,ITGA4,True,True,True,True
1668,MUSK,True,True,True,False
1669,CCL22,True,True,True,True
1670,AMOT,False,False,True,False
1671,PLVAP,True,False,False,False
1672,MXRA5,True,False,False,False
1673,CD244,True,True,False,True
1674,MAPK1,True,False,False,False
1675,CD200R1L,True,False,True,False
1676,TNFRSF13B,True,True,True,True
1677,LCK,True,True,False,True
1678,FCER2,True,True,False,True
1679,PGRMC1,True,False,False,False
1680,PDGFB,True,True,True,True
1681,ADRA2B,True,True,True,False
1682,IL21R,True,True,True,False
1683,OR8D2,False,False,True,False
1684,COL4A5,True,True,False,True
1685,MUC7,True,False,False,False
1686,IGF2,True,True,True,True
1687,P2RY2,False,False,True,False
1688,CLEC11A,True,False,True,False
1689,SEMA4B,True,False,False,False
1690,EDN1,True,False,True,True
1691,CMTM8,False,False,True,False
1692,CDH1,True,True,True,True
1693,PTPRK,True,True,True,False
1694,LRRC4C,True,False,True,True
1695,CP,True,False,False,False
1696,RTN4,True,False,True,False
1697,HCAR2,False,False,True,False
1698,DLG1,False,False,True,False
1699,RLN3,True,True,True,True
1700,CD209,True,True,False,True
1701,CXCR2,True,True,True,True
1702,FCGR3A,False,False,True,False
1703,REN,True,True,True,False
1704,MUC5AC,True,False,False,False
1705,PPIA,False,True,False,True
1706,CLEC2A,True,True,False,True
1707,FCAR,True,False,False,False
1708,HLA-DRB4,True,False,False,True
1709,IFNA4,True,True,True,True
1710,FSHR,True,True,True,True
1711,SELP,True,True,True,True
1712,TRAM1,False,False,True,False
1713,OR1E1,True,False,False,False
1714,IL17B,True,False,True,True
1715,S1PR4,True,False,True,False
1716,DNAJA3,True,False,False,False
1717,PF4V1,True,False,False,True
1718,ITIH2,True,False,False,False
1719,WNT1,True,True,True,True
1720,OPRK1,True,True,True,True
1721,KCNJ2,False,False,True,False
1722,WNT7B,True,True,True,True
1723,PPBP,True,True,True,True
1724,IL6R,True,True,True,False
1725,TRIP6,True,False,False,False
1726,RORA,False,True,False,False
1727,WNT2,True,True,True,True
1728,AMN,False,True,False,True
1729,IGF1R,True,True,True,True
1730,PTPRF,True,False,True,True
1731,CDH11,True,False,True,True
1732,PTH1R,True,True,True,True
1733,IL22RA1,True,True,True,False
1734,HIDE1,True,False,False,False
1735,F2RL1,True,False,True,True
1736,SERPINA7,True,False,False,False
1737,CCN6,True,False,False,False
1738,UTS2R,True,True,True,True
1739,PDPN,True,False,False,False
1740,UBB,True,False,False,False
1741,GPR25,True,True,True,False
1742,MMP7,True,False,False,False
1743,YARS1,True,False,False,False
1744,IFNAR1,True,True,True,True
1745,THRB,False,True,False,False
1746,ITGB3,True,True,True,False
1747,GALR1,True,True,True,True
1748,PNOC,True,True,True,False
1749,ITGB3BP,True,False,False,False
1750,CISH,True,False,False,False
1751,PIK3CD,True,False,False,False
1752,OMG,True,False,True,False
1753,MMP24,True,False,False,False
1754,IL19,True,True,True,True
1755,CACHD1,True,False,False,False
1756,CAP1,True,False,False,True
1757,GRPR,True,True,True,True
1758,CTLA4,True,True,True,True
1759,ACE,True,False,False,False
1760,FLRT3,True,False,True,True
1761,SEMA6C,True,False,False,False
1762,CKAP4,True,False,False,False
1763,MTNR1A,True,True,True,False
1764,RGMB,True,False,True,False
1765,EGFR,True,True,True,True
1766,CSH2,True,False,True,False
1767,OMD,False,True,False,False
1768,CCL13,True,True,True,True
1769,HLA-B,True,True,True,True
1770,CHRNA10,True,False,False,True
1771,PTH,True,True,True,True
1772,FFAR3,False,False,True,False
1773,TNFRSF14,True,True,True,True
1774,MC2R,True,True,True,True
1775,NR3C2,False,True,False,False
1776,P2RX7,True,False,False,False
1777,C1QB,True,False,False,False
1778,SARAF,True,False,False,False
1779,KIR3DS1,True,True,False,True
1780,RET,True,True,True,False
1781,ACVR1C,True,True,True,True
1782,IL36B,True,True,True,True
1783,TYRO3,True,True,True,True
1784,SRGN,True,False,False,False
1785,TNFRSF25,True,True,True,True
1786,SSTR1,True,True,True,True
1787,NPY6R,True,False,False,True
1788,FGFR1,True,True,True,True
1789,AMELX,True,False,False,False
1790,IGFBP6,True,False,False,False
1791,LILRB4,True,True,False,True
1792,ZNRF3,True,False,False,False
1793,CD55,True,True,False,True
1794,IGFBP4,True,False,False,False
1795,TCTN1,True,False,False,False
1796,GLG1,True,True,True,True
1797,HTR1F,True,True,True,False
1798,PCDHA8,False,False,True,True
1799,STX4,True,False,False,False
1800,TECTB,True,False,False,False
1801,DHCR7,False,True,False,False
1802,C1QA,True,False,False,False
1803,TNFSF12,True,True,True,True
1804,VGF,True,True,True,False
1805,ADCY8,True,False,False,False
1806,CXCL9,True,True,True,True
1807,PLGRKT,True,False,False,False
1808,EDA2R,True,True,True,True
1809,VSIR,True,True,False,True
1810,APOA1,True,True,True,True
1811,HHLA3,True,False,False,False
1812,CD46,True,True,True,True
1813,TF,True,True,True,False
1814,PAM,True,False,False,False
1815,PTGER1,False,True,True,False
1816,PILRA,True,True,False,True
1817,FGB,True,True,False,False
1818,SLC2A2,True,False,False,False
1819,EPHA7,True,True,True,True
1820,TFF3,True,False,False,False
1821,ADGRG5,True,True,False,False
1822,TMEM59L,True,False,False,False
1823,C10orf99,False,True,False,False
1824,GRB7,True,False,False,False
1825,CEP290,True,False,False,False
1826,IL5RA,True,True,True,False
1827,EPB41L1,False,True,False,True
1828,COL5A1,True,True,False,False
1829,CTSG,True,False,True,True
1830,RIPK1,True,True,False,False
1831,DSG3,True,False,False,True
1832,SPAG11B,True,False,False,False
1833,APC,True,False,False,False
1834,VANGL2,True,False,False,False
1835,HFE2,False,False,True,False
1836,EFEMP1,True,False,True,False
1837,AGR2,True,False,False,False
1838,SLC6A8,True,False,False,False
1839,IHH,True,True,True,True
1840,PNMT,False,True,False,False
1841,CLDN19,True,False,False,False
1842,FPR3,True,True,True,True
1843,IFNLR1,True,True,True,False
1844,SYK,True,False,False,False
1845,PTGER2,True,True,True,False
1846,FRZB,True,True,True,False
1847,SRD5A2,False,True,False,False
1848,TRH,True,True,True,True
1849,TRAF2,True,False,True,False
1850,FGFR3,True,True,True,True
1851,HTR3A,False,True,False,False
1852,TMEM216,True,False,False,False
1853,TNFSF4,True,True,True,True
1854,MCFD2,True,False,False,False
1855,RETN,True,True,False,True
1856,WBP1,True,False,False,False
1857,NENF,False,False,True,False
1858,PRND,True,False,True,False
1859,XCR1,True,True,True,True
1860,GDF6,True,True,True,True
1861,APLP1,True,False,False,False
1862,IL17F,True,True,True,True
1863,FZD9,True,True,True,True
1864,COL16A1,True,True,False,False
1865,HLA-DRB3,True,False,False,True
1866,PROK2,True,True,True,True
1867,CCR3,True,True,True,True
1868,CTHRC1,True,False,False,False
1869,SELENOS,False,False,True,False
1870,MRGPRX2,True,True,True,False
1871,CR2,True,True,False,True
1872,CCR8,True,True,True,True
1873,NCAM2,True,False,False,True
1874,GRIN2A,True,True,True,False
1875,CATSPERD,False,True,False,False
1876,PTAFR,True,False,True,False
1877,IL6ST,True,True,True,True
1878,RGS19,True,False,False,False
1879,ITGA7,True,True,True,True
1880,TAC3,True,True,True,True
1881,CDH2,True,False,True,True
1882,AMH,True,True,True,True
1883,HSD17B1,False,True,False,False
1884,CALCR,True,True,True,True
1885,EZR,True,True,False,False
1886,MFAP2,True,False,False,False
1887,ICAM1,True,True,True,True
1888,CCN1,True,False,False,False
1889,FZD1,True,True,True,True
1890,SERPINF1,True,False,False,False
1891,MPL,True,True,True,True
1892,MTMR4,True,False,False,False
1893,BDNF,True,True,True,True
1894,TMEM95,True,False,False,False
1895,HSPA4,True,False,False,False
1896,C3AR1,True,True,True,True
1897,NPPB,True,True,True,True
1898,DNAJB11,True,False,False,False
1899,ZP3,True,False,True,False
1900,FGF10,True,True,True,True
1901,CLEC2L,True,False,False,True
1902,SELE,True,True,True,True
1903,IFNA8,True,True,True,True
1904,GDF3,True,True,True,True
1905,FGFR4,True,True,True,True
1906,NPBWR1,True,True,True,True
1907,SORCS3,True,False,True,False
1908,MEPE,True,False,False,False
1909,NXPH2,True,False,False,False
1910,IL1RAPL1,True,True,True,False
1911,CXCL11,True,True,True,True
1912,ANPEP,True,False,True,False
1913,PCNA,True,False,False,False
1914,PKM,True,False,False,False
1915,CDCP1,True,False,False,False
1916,AIMP1,True,True,True,False
1917,CCL8,True,True,True,True
1918,MAML2,True,False,False,False
1919,LRP2,True,False,True,False
1920,PIP,True,False,False,False
1921,DHRS9,False,True,False,False
1922,CEACAM21,True,False,False,False
1923,SPTBN2,True,False,False,False
1924,OR1G1,True,False,False,False
1925,DPEP2,False,True,False,False
1926,LGI1,True,False,False,False
1927,THY1,True,True,False,True
1928,CHRM2,False,True,True,False
1929,CDH7,True,False,True,False
1930,PLXNB1,True,True,True,True
1931,RARG,False,True,True,False
1932,LRP10,True,False,True,False
1933,LPAR6,False,False,True,False
1934,ADGRL1,True,True,True,True
1935,OSGIN1,False,False,True,False
1936,TRO,False,False,True,False
1937,PARD3,True,False,False,True
1938,GPC5,True,False,False,False
1939,SLC16A7,True,False,False,False
1940,STX3,True,False,False,False
1941,P2RY14,True,False,True,False
1942,NPFFR1,True,True,True,True
1943,SI,True,False,False,False
1944,FST,True,False,False,False
1945,SLAMF9,True,False,False,False
1946,IGSF21,True,False,False,False
1947,APOC2,True,False,False,False
1948,DKK1,True,True,True,False
1949,CXCL8,True,True,True,True
1950,MC1R,True,True,True,True
1951,ACAN,True,False,False,False
1952,SCGB1A1,True,False,False,False
1953,CLEC3A,True,False,False,False
1954,LRRN1,True,False,False,False
1955,IL11,True,True,True,True
1956,ACVR2B,True,True,True,True
1957,IL15,True,True,True,True
1958,IFITM1,True,False,False,False
1959,BTNL8,True,False,False,False
1960,PODXL2,True,True,True,False
1961,APOA4,True,False,False,False
1962,DRD4,True,True,True,False
1963,NTF4,True,True,True,True
1964,PLD1,True,False,False,False
1965,HCRT,True,True,True,True
1966,ANGPTL2,True,False,False,True
1967,GPNMB,True,False,True,False
1968,SLIT3,True,False,False,False
1969,FGF1,True,True,True,True
1970,CNTNAP2,True,False,True,False
1971,PLAUR,True,True,True,True
1972,FCGR2A,True,True,True,False
1973,ITPR3,False,False,True,False
1974,EBI3,True,True,True,False
1975,MRAP,True,False,False,False
1976,FBLN1,True,False,False,False
1977,PIGR,True,False,True,False
1978,GFRA4,True,True,True,True
1979,VSIG10,True,False,False,False
1980,RLF,True,False,False,False
1981,COMP,True,False,True,True
1982,PCDHGB6,True,False,False,True
1983,MGRN1,True,False,True,False
1984,DSG2,True,True,True,True
1985,CLDN6,True,False,False,False
1986,SPHK1,False,False,True,False
1987,GPBAR1,False,False,True,False
1988,THBS3,True,False,False,True
1989,FCER1A,True,False,False,False
1990,ADAM12,True,False,True,False
1991,ADAM2,True,False,True,False
1992,MDGA1,True,False,False,False
1993,NPS,True,True,True,True
1994,IFNA5,True,True,True,True
1995,KIR2DL3,True,True,True,True
1996,IL18R1,True,True,True,False
1997,NRP2,True,True,True,True
1998,TOR2A,True,False,False,False
1999,DYM,True,False,False,False
2000,KIT,True,True,True,True
2001,IGFBP3,True,True,False,True
2002,JAML,True,False,False,False
2003,BTK,True,False,False,False
2004,ATP1A3,True,False,False,False
2005,VEGFC,True,True,True,True
2006,IL13RA2,True,True,True,True
2007,ALOX5,True,True,True,False
2008,IGDCC3,True,False,False,False
2009,LY96,True,False,True,False
2010,SGCG,True,False,False,False
2011,M6PR,False,False,True,False
2012,HLA-A,True,True,True,True
2013,PTPRS,True,True,True,True
2014,CD7,True,False,True,False
2015,LYN,True,False,False,False
2016,CD274,True,True,True,True
2017,B9D1,True,False,False,False
2018,CGA,True,True,True,True
2019,RORB,False,True,False,False
2020,AQP1,True,False,False,False
2021,CIRBP,True,False,False,False
2022,GABRG2,False,False,True,False
2023,LAMB2,True,False,True,True
2024,ICAM3,True,True,True,False
2025,KLK3,True,False,True,True
2026,NR0B2,True,False,False,False
2027,CYR61,False,False,True,False
2028,GABRA6,False,False,True,False
2029,MRC2,True,True,True,False
2030,MTTP,True,False,False,False
2031,PRSS1,True,False,False,True
2032,PEAR1,True,False,False,False
2033,CLSTN1,False,False,True,True
2034,ADCY7,True,False,False,False
2035,RABEP2,False,False,True,False
2036,CXCR1,True,True,True,True
2037,PTPN13,True,False,False,False
2038,CCL21,True,True,True,True
2039,ENO1,True,False,False,False
2040,CANX,True,False,False,False
2041,IL17RE,True,True,True,False
2042,TRPV5,True,False,False,False
2043,ANXA2,True,False,False,False
2044,ASRGL1,True,False,False,False
2045,CDH18,False,False,True,False
2046,CD8A,True,True,True,True
2047,VSTM2B,True,False,False,False
2048,ANXA6,False,False,True,False
2049,CC2D2A,True,False,False,False
2050,OPRM1,True,True,True,True
2051,FADD,True,False,False,False
2052,TREML1,True,False,False,False
2053,CDH23,False,False,True,False
2054,LINGO1,True,False,True,False
2055,TIGIT,True,True,True,True
2056,FAM19A4,False,True,False,False
2057,CD22,True,True,True,True
2058,CARD11,True,False,False,False
2059,EVC2,True,False,False,False
2060,BCAN,True,False,False,False
2061,IFNL4,True,False,False,False
2062,NOTUM,True,False,False,False
2063,WIF1,True,True,False,False
2064,HLA-DMB,True,False,False,True
2065,NPBWR2,True,True,True,False
2066,GUCA1B,True,False,False,False
2067,CD70,True,True,True,True
2068,TAS2R7,False,False,True,False
2069,KIR3DL1,True,True,True,True
2070,DSCAM,True,True,True,True
2071,LTBR,True,True,True,True
2072,GPIHBP1,True,False,False,False
2073,SCN4A,True,False,False,False
2074,KIR2DL1,True,True,True,True
2075,ITGB5,True,True,True,False
2076,NOTCH3,True,True,True,True
2077,GPR26,True,False,False,False
2078,DKK2,True,True,True,False
2079,HPGDS,True,False,False,False
2080,HTR5A,True,True,True,False
2081,LILRA2,True,False,False,False
2082,NUCB2,True,False,True,False
2083,IFNL1,True,True,True,False
2084,IGFBP2,True,False,False,False
2085,ALDH1A2,False,True,False,False
2086,NECTIN1,True,True,True,True
2087,PENK,True,True,True,True
2088,CNTN3,True,False,False,False
2089,OR51E2,False,False,True,False
2090,COL6A3,True,True,False,True
2091,ADAM20,True,False,False,False
2092,APOB,True,True,True,True
2093,FLRT2,True,False,True,True
2094,ITPR1,False,False,True,False
2095,MANSC1,True,False,False,False
2096,GPR68,False,False,True,False
2097,COL18A1,True,True,True,False
2098,2,True,False,False,False
2099,ADAM23,True,False,True,False
2100,HMMR,True,False,True,False
2101,ACKR2,True,True,True,True
2102,PRSS55,True,False,False,False
2103,BMP8B,True,True,True,True
2104,TCTN2,True,False,False,False
2105,CFC1B,True,False,False,False
2106,NTM,True,False,False,False
2107,HLA-DQB1,True,False,True,True
2108,VSIG4,True,False,False,False
2109,ELFN1,True,False,False,False
2110,BTN3A2,True,False,False,False
2111,CLDN8,True,False,False,False
2112,GPR83,True,False,True,True
2113,NRXN3,True,False,True,True
2114,GPR55,True,True,True,False
2115,BMP6,True,True,True,True
2116,GPR176,False,False,True,False
2117,FGA,True,True,True,False
2118,CD72,True,True,False,True
2119,PTCH1,True,True,True,True
2120,ENHO,True,True,False,True
2121,KLRG1,True,True,True,True
2122,MLN,True,True,True,False
2123,ADCY9,True,False,False,False
2124,MMP9,True,False,True,False
2125,IFNGR1,True,True,True,True
2126,TNC,True,True,True,True
2127,PTPRC,True,True,True,True
2128,CKLF,True,False,False,False
2129,VWF,True,True,True,True
2130,DPEP3,False,True,False,False
2131,INSL6,False,False,True,False
2132,ENTPD1,True,True,False,True
2133,CD8B2,True,False,False,True
2134,HSP90B1,True,False,True,False
2135,LRFN3,True,False,False,False
2136,ATXN10,True,False,False,False
2137,ADGRE2,True,False,False,True
2138,UBA52,True,False,False,False
2139,ALB,True,True,False,False
2140,CALR,True,False,True,False
2141,WLS,True,False,False,False
2142,CXCL3,True,True,True,True
2143,ENG,True,False,True,False
2144,GUCY2C,True,True,True,True
2145,FCN2,True,False,False,False
2146,FLT3,True,True,True,True
2147,NR1H3,False,True,False,False
2148,GLP2R,True,True,True,True
2149,SLC22A17,False,True,False,False
2150,SLPI,True,False,False,False
2151,AKR1B1,False,True,False,False
2152,SSTR4,True,True,True,True
2153,NPNT,True,False,True,False
2154,PTPRR,True,True,True,False
2155,LILRB2,True,True,False,True
2156,ITGB1,True,True,True,True
2157,TSHR,True,True,True,True
2158,NCR3,True,True,False,True
2159,YIF1B,True,False,False,False
2160,LPA,True,False,False,False
2161,NPY1R,True,True,True,True
2162,FGF19,True,True,True,True
2163,CDON,True,True,True,False
2164,HLA-DPA1,True,True,False,True
2165,CDH15,False,False,True,True
2166,SMAD3,True,False,False,False
2167,HLA-C,True,True,True,True
2168,LRP3,True,False,False,False
2169,ADAM15,True,False,True,False
2170,GAST,True,True,True,True
2171,LUM,True,False,False,False
2172,FGF13,True,False,True,False
2173,TRHR,True,True,True,True
2174,CNGA2,True,False,True,False
2175,CA2,True,False,False,False
2176,FAM187A,True,False,False,False
2177,TBXAS1,False,True,False,False
2178,SNCA,True,False,False,False
2179,CYP27B1,False,True,False,False
2180,GABRB3,False,False,True,False
2181,IL2RG,True,True,True,True
2182,SLURP1,True,True,False,True
2183,HEBP1,True,True,True,False
2184,ANGPTL7,True,False,False,True
2185,VANGL1,True,False,False,False
2186,TLR4,True,False,True,True
2187,P2RY10,False,False,True,False
2188,ILDR2,True,False,False,False
2189,RXFP3,True,True,True,True
2190,IL36A,True,True,True,True
2191,FAM3C,True,True,True,False
2192,SV2C,True,False,True,True
2193,ANP32B,True,False,False,False
2194,VDR,False,True,True,False
2195,CCL20,True,True,True,True
2196,NPFF,True,False,True,True
2197,IL3,True,True,True,True
2198,CSF2,True,True,True,True
2199,TAS2R60,False,False,True,False
2200,CALML3,True,False,False,False
2201,BTN1A1,True,False,False,False
2202,SPON1,True,False,False,False
2203,IL12B,True,True,True,True
2204,HTR3B,False,True,False,False
2205,MAGED1,True,False,False,False
2206,BMP5,True,True,True,True
2207,WNT6,True,True,False,True
2208,LGALS9,True,True,False,True
2209,IL33,True,True,True,True
2210,SLIT2,True,True,True,True
2211,GSTO1,True,False,False,False
2212,PKD1,False,False,True,False
2213,ROR2,True,True,True,False
2214,TACR1,True,True,True,True
2215,GPR65,False,False,True,False
2216,LACRT,True,False,False,False
2217,TLN1,True,False,False,False
2218,CDH19,True,False,True,False
2219,TNFSF18,True,True,True,True
2220,SECTM1,True,False,True,False
2221,CX3CL1,True,True,True,True
2222,PCDH7,False,False,True,False
2223,WNT7A,True,True,True,True
2224,CRLF1,True,False,True,False
2225,LSR,True,True,True,False
2226,ROBO2,True,True,True,True
2227,UTS2,True,True,True,True
2228,GGT5,False,True,False,False
2229,EMC1,True,False,False,False
2230,ESR2,False,True,True,False
2231,KIDINS220,True,False,False,False
2232,KCNAB1,True,False,False,False
2233,PAPLN,True,False,False,False
2234,PKD2L1,False,False,True,False
2235,VIPR2,True,True,True,True
2236,S1PR2,True,True,True,False
2237,PRL,True,True,True,True
2238,SHANK1,True,False,False,False
2239,GHSR,True,True,True,True
2240,RLN2,True,True,True,False
2241,NECTIN3,True,True,True,True
2242,PTPRD,True,False,True,True
2243,PSG9,True,False,False,False
2244,LPAR1,True,False,True,True
2245,GNB1,True,False,False,False
2246,GPR150,False,False,True,False
2247,APLP2,True,False,False,False
2248,COL8A1,True,True,False,False
2249,FSTL5,True,False,False,False
2250,P2RX6,False,False,True,False
2251,CXCL1,True,True,True,True
2252,MPZL1,True,False,False,True
2253,TFRC,True,True,True,False
2254,CCL2,True,True,True,True
2255,MYO1D,True,False,False,False
2256,MFAP5,True,False,False,False
2257,EPHB4,True,True,True,True
2258,IFNW1,True,True,True,True
2259,MYL9,True,False,False,False
2260,CHRNA6,True,True,False,True
2261,IL26,True,True,False,True
2262,SEMA3C,True,True,True,True
2263,MPIG6B,True,False,False,False
2264,RTN4RL1,True,False,False,False
2265,CD69,True,False,False,True
2266,PTGR1,False,True,False,False
2267,NMUR1,True,True,True,True
2268,NTRK3,True,True,True,True
2269,CNTN4,True,False,False,False
2270,KCNJ10,True,False,True,False
2271,DRD5,False,True,True,False
2272,AANAT,True,False,True,False
2273,ENAM,True,False,False,False
2274,PDGFD,True,True,True,True
2275,SEMA6D,True,True,True,True
2276,LPAR5,False,False,True,False
2277,KIR2DS1,True,False,False,True
2278,SSTR2,True,True,True,True
2279,CCL28,True,True,True,True
2280,CEACAM16,True,False,False,False
2281,FGF16,True,False,True,True
2282,WNT9B,True,True,True,True
2283,SPINT1,True,False,False,False
2284,ADRA2A,True,True,True,False
2285,GFRAL,True,True,False,False
2286,PLXNA1,True,True,True,True
2287,WNT16,True,True,False,True
2288,B2M,True,True,False,False
2289,ABCA7,False,False,True,False
2290,SULT1E1,False,True,False,False
2291,COPA,True,True,True,False
2292,NPSR1,True,True,True,True
2293,INHBB,True,True,True,True
2294,MANF,False,False,True,False
2295,LTF,True,False,True,False
2296,HTR6,True,True,True,False
2297,SIRPA,True,True,False,False
2298,TAAR1,False,False,True,False
2299,CER1,True,True,False,False
2300,MYLK2,True,False,True,False
2301,SPN,True,True,True,True
2302,LILRB1,True,True,True,True
2303,PTH2R,True,True,True,True
2304,GPR171,True,False,False,False
2305,FGF5,True,True,True,True
2306,LRRN2,True,False,False,False
2307,PRLH,True,True,True,True
2308,IL27RA,True,True,True,True
2309,NMUR2,True,True,True,True
2310,FGFR2,True,True,True,True
2311,DEFB4B,True,False,True,False
2312,RXFP1,True,True,True,True
2313,GAL,True,True,True,True
2314,TCN1,True,False,False,False
2315,STRA6,True,True,True,True
2316,HSPA8,True,False,False,False
2317,KLB,True,True,False,False
2318,INHBE,True,True,True,True
2319,HAVCR1,True,False,False,False
2320,SCARB1,True,False,True,False
2321,GRN,True,True,True,True
2322,GPR37,True,True,True,True
2323,NPTX2,True,False,False,False
2324,FLNA,True,False,False,False
2325,TIMD4,True,False,False,False
2326,FLT3LG,True,True,True,True
2327,TRADD,True,False,False,False
2328,GNA13,True,False,False,False
2329,PTGDR2,True,True,True,False
2330,NRCAM,True,False,True,True
2331,APELA,True,True,False,True
2332,PRNP,True,False,True,True
2333,GRIA1,False,False,True,False
2334,CXCL12,True,True,True,True
2335,EFEMP2,True,False,False,False
2336,SLAMF1,True,True,False,False
2337,ACVRL1,True,True,True,False
2338,ADGRE5,True,True,False,True
2339,NPY2R,True,True,True,True
2340,TJP2,True,False,False,False
2341,BDKRB2,True,True,True,True
2342,ATP1B1,True,False,False,False
2343,IL3RA,True,True,True,True
2344,DLG4,False,False,True,False
2345,CD5,True,False,False,False
2346,HLA-DRB5,True,False,False,True
2347,CCN3,True,False,False,False
2348,SPTAN1,True,False,False,False
2349,GPR84,True,False,True,False
2350,NFASC,True,False,True,True
2351,IGFL1,True,True,False,False
2352,GRM2,True,False,True,False
2353,NID1,True,False,True,False
2354,TNFSF8,True,True,True,True
2355,TBC1D24,True,False,False,False
2356,ABCA1,True,True,True,True
2357,IL2RB,True,True,True,True
2358,IGSF10,True,False,False,False
2359,FGF23,True,True,True,True
2360,LEPR,True,True,True,True
2361,ROBO3,True,True,True,False
2362,MC3R,True,True,True,True
2363,CDHR5,False,False,True,False
2364,SYT1,True,False,False,False
2365,CD300LF,True,False,False,False
2366,CCL19,True,True,True,True
2367,CCL3,True,True,True,True
2368,LAIR2,True,False,False,False
2369,EDN2,True,True,True,True
2370,SCN5A,True,False,False,False
2371,CADM4,True,True,True,True
2372,SEMA3D,True,False,False,True
2373,TXLNA,True,False,True,False
2374,FGF17,True,True,True,True
2375,ZYX,True,False,False,False
2376,CLDN16,True,False,False,False
2377,PCDH10,False,False,True,False
2378,DSC1,True,True,True,True
2379,TMEM81,True,False,False,False
2380,PON2,True,False,False,False
2381,CD248,True,False,False,False
2382,PIGA,True,False,False,False
2383,TNXB,True,False,False,True
2384,LGR4,True,True,True,False
2385,COL9A1,True,True,False,True
2386,S100B,True,False,False,False
2387,SELPLG,True,True,True,True
2388,ANXA1,True,True,True,True
2389,NDP,True,True,True,False
2390,COL11A2,True,True,False,False
2391,TAS2R46,False,False,True,False
2392,THBS4,True,False,True,True
2393,ARPC5,True,False,False,False
2394,TGFA,True,True,True,True
2395,GREM2,True,False,False,False
2396,ADGRG1,True,False,False,True
2397,PDLIM3,True,False,False,False
2398,IL17RB,True,True,True,True
2399,OPRL1,True,True,True,True
2400,EXOC3-AS1,True,False,False,False
2401,PSEN1,True,False,True,False
2402,LSAMP,True,False,False,False
2403,RIMS1,True,False,False,False
2404,IGF2R,True,True,True,True
2405,CYSLTR2,False,True,True,False
2406,ITGAV,True,True,True,True
2407,GPHA2,True,True,True,False
2408,SCN8A,True,False,False,False
2409,F2RL3,True,False,True,True
2410,TMEM67,True,False,False,False
2411,ICAM4,True,True,True,False
2412,FKBP1B,False,False,True,False
2413,BAMBI,True,False,True,False
2414,IFNA2,True,True,True,True
2415,GPI,True,True,True,False
2416,IL12A,True,True,True,False
2417,NSMF,False,True,False,False
2418,CLDN11,True,False,True,True
2419,PLA2G2A,True,True,False,False
2420,CD40LG,True,True,True,True
2421,TENM3,False,False,True,True
2422,CTGF,False,False,True,False
2423,NKD2,True,False,False,False
2424,F11R,True,True,True,True
2425,SLITRK5,True,False,False,True
2426,LINGO4,True,False,False,False
2427,PTGES3,False,True,False,False
2428,GGT2,True,False,False,False
2429,APOBR,False,True,False,True
2430,COL6A6,True,True,False,True
2431,CD9,True,False,False,False
2432,CNTN2,True,False,True,True
2433,IL1R2,True,True,True,True
2434,ANGPTL6,True,False,False,False
2435,CD80,True,True,True,True
2436,CEACAM8,True,True,False,True
2437,ITGB7,True,True,True,False
2438,LAMP1,True,True,False,False
2439,GPR15,True,True,True,False
2440,PLXNA3,True,True,True,True
2441,TSPAN1,True,False,False,False
2442,SRD5A3,False,True,False,False
2443,CXCL13,True,True,True,True
2444,GRM6,False,False,True,False
2445,COLEC12,True,True,True,False
2446,AKR1D1,False,True,False,False
2447,TAS2R31,False,False,True,False
2448,IL17RC,True,True,True,False
2449,CATSPER4,False,True,False,False
2450,TTR,True,True,True,False
2451,HTR1A,True,True,True,False
2452,P2RY13,False,False,True,False
2453,DERL1,False,False,True,False
2454,INSR,True,True,True,True
2455,BAG6,True,True,False,True
2456,SIGLEC8,True,False,True,False
2457,SLC17A7,True,False,False,False
2458,PSG5,True,False,False,False
2459,TAS2R3,False,False,True,False
2460,COL20A1,False,True,False,False
2461,LTK,True,False,False,False
2462,CELSR1,True,False,True,False
2463,EDA,True,True,True,True
2464,NPTXR,True,False,False,False
2465,HMGB2,False,False,True,False
2466,IL6,True,True,True,True
2467,TSPAN3,True,False,False,False
2468,PRG4,True,False,False,False
2469,KCNA3,True,False,False,False
2470,ADCY1,True,False,False,False
2471,NR1I2,False,True,False,False
2472,SEMA5A,True,True,True,True
2473,GLYCAM1,True,False,False,True
2474,RAET1G,True,True,False,True
2475,RNF43,True,False,False,False
2476,MYOC,True,False,False,False
2477,IGFBPL1,True,False,False,False
2478,LGI4,True,False,False,False
2479,CHRM3,True,True,True,False
2480,SEMA4G,True,True,False,True
2481,LILRA1,True,False,False,False
2482,RARA,False,True,False,False
2483,CLU,True,True,False,False
2484,LTBP3,True,False,False,False
2485,DAGLB,False,True,False,False
2486,SNX14,True,False,False,False
2487,CD58,True,True,True,False
2488,CDC37,True,False,False,False
2489,MFAP3L,True,False,False,False
2490,IGFL2,True,True,False,False
2491,RPSA,True,False,True,False
2492,TSPAN14,True,False,False,False
2493,NAALADL1,True,False,False,False
2494,LRFN4,True,False,False,True
2495,TNFSF13,True,True,True,True
2496,HHLA2,True,False,False,False
2497,TRPV4,False,False,True,False
2498,LRFN1,True,False,False,False
2499,LTC4S,False,True,False,False
2500,TLR2,True,False,True,False
2501,TPH1,True,False,True,False
2502,LILRB5,True,False,False,False
2503,SCTR,True,True,True,True
2504,HTR2A,True,True,True,False
2505,WNT10A,True,True,True,True
2506,UNC5D,True,True,False,True
2507,DKK3,True,False,False,False
2508,FABP5,True,False,False,False
2509,LRFN5,True,False,False,True
2510,HLA-DMA,True,False,True,True
2511,GABRA3,False,False,True,False
2512,MC4R,True,True,True,True
2513,FLT4,True,True,True,True
2514,TCN2,True,False,False,False
2515,ITGA8,True,True,True,True
2516,RTN4RL2,True,False,True,False
2517,MMP1,True,False,False,False
2518,CUBN,True,True,True,False
2519,JAG1,True,True,True,True
2520,RXRB,False,True,False,False
2521,SLITRK4,True,False,False,True
2522,CD300C,True,False,False,False
2523,CBR1,False,True,False,False
2524,FCGR3B,True,False,False,False
2525,SIGLEC1,True,True,True,True
2526,SLC16A4,True,False,False,False
2527,CCL3L1,True,True,False,True
2528,CYTL1,True,False,False,False
2529,IYD,True,False,False,False
2530,P2RY6,True,True,True,False
2531,SEC63,False,False,True,False
2532,LAMA4,True,False,False,True
2533,RLN1,True,True,True,True
2534,RYR2,True,False,True,False
2535,ITGA2B,True,True,True,True
2536,ORM1,True,False,False,False
2537,PCSK1N,True,False,False,False
2538,CLEC10A,True,False,False,False
2539,CD300LB,True,False,False,False
2540,CD63,True,False,False,False
2541,SORBS1,True,False,False,False
2542,TMIGD2,True,False,False,False
2543,CD109,True,False,False,False
2544,LAMA5,True,False,False,True
2545,PGAP6,True,False,False,False
2546,ROBO4,True,False,True,False
2547,SLC1A5,True,True,True,False
2548,LIPC,True,False,False,False
2549,SIGIRR,True,True,False,False
2550,LEP,True,True,True,True
2551,GZMA,True,False,False,True
2552,LRRTM4,True,False,False,True
2553,PDE1C,True,False,True,False
2554,LAMC3,True,False,True,True
2555,CELA3B,True,False,False,False
2556,TIE1,True,False,True,False
2557,ISLR2,True,False,False,False
2558,KIR3DL2,True,True,True,True
2559,SEMA6B,True,False,False,True
2560,SCUBE2,True,False,False,False
2561,IGFL3,True,True,False,True
2562,IL1A,True,True,True,True
2563,GDF15,True,True,True,True
2564,UBC,True,False,False,False
2565,SORL1,True,True,True,True
2566,SPARC,True,False,False,False
2567,TAS2R4,False,False,True,False
2568,RYK,True,True,True,False
2569,CMTM2,False,False,True,False
2570,IL23R,True,True,True,False
2571,KREMEN1,True,True,True,False
2572,PLXNC1,True,True,True,True
2573,PTH2,True,True,True,True
2574,OLAH,True,False,False,False
2575,CD79A,True,False,False,False
2576,RBP3,True,False,False,False
2577,ASMT,False,True,False,False
2578,ATRN,True,False,True,False
2579,NPR3,True,True,True,True
2580,SLURP2,True,False,False,True
2581,KIR3DL3,True,False,False,True
2582,VSTM1,True,True,False,False
2583,PCDH20,False,False,True,False
2584,SLIT1,True,True,True,True
2585,COL6A2,True,True,False,True
2586,FGF22,True,True,True,True
2587,GHRHR,True,True,True,True
2588,IL9R,True,True,True,False
2589,FXYD6,True,False,False,False
2590,IL1RN,True,True,True,False
2591,ROR1,True,True,True,False
2592,GPR101,True,True,False,False
2593,SDC4,True,False,True,True
2594,COL7A1,True,True,False,False
2595,MT-RNR2,True,True,False,True
2596,TGFB3,True,True,True,True
2597,IAPP,True,True,True,True
2598,PLXDC2,True,False,False,False
2599,SEMA4C,True,True,False,True
2600,HLA-DOB,True,False,False,True
2601,TNFSF13B,True,True,True,True
2602,NPVF,True,True,True,True
2603,NRSN1,True,False,False,False
2604,P2RY4,False,False,True,False
2605,CSF1,True,True,True,True
2606,TMEM259,True,False,False,False
2607,NTRK2,True,True,True,True
2608,COL13A1,True,True,False,False
2609,CD53,True,False,False,False
2610,DSPP,True,False,False,True
2611,VSIG8,True,False,False,False
2612,CD1D,True,True,False,True
2613,MC5R,True,True,True,True
2614,GPR17,False,True,True,False
2615,NPR1,True,True,True,True
2616,NRXN1,True,False,True,True
2617,AVPR2,True,True,True,True
2618,PCDH1,False,False,True,False
2619,GABRG3,False,False,True,False
2620,ERBB2,True,True,True,True
2621,IL17RA,True,True,True,True
2622,AVPR1B,True,True,True,True
2623,KIR2DL5A,True,False,False,False
2624,ANOS1,True,False,False,False
2625,CDH12,False,False,True,True
2626,TRIM27,False,False,True,False
2627,GREM1,True,False,True,False
