"","interaction_ID","sender_celltype","sender_gene","receiver_celltype","receiver_gene","ligand_log2FC","ligand_p_val_adj","receptor_log2FC","receptor_p_val_adj","mean_weigth_case","mean_weight_control","log2FC_weights","direction"
"1","DC:VCAN_DC:FN1","DC","VCAN","DC","FN1",-0.251523844617799,-0.251523844617799,NA,NA,0.224,NA,NA,NA
"2","DC:VCAN_Ery:FN1","DC","VCAN","Ery","FN1",-0.251523844617799,-0.251523844617799,NA,NA,0.222142857142857,NA,NA,NA
"3","DC:VCAN_HSPC:FN1","DC","VCAN","HSPC","FN1",-0.251523844617799,-0.251523844617799,NA,NA,0.186,NA,NA,NA
"4","DC:VCAN_Mono:FN1","DC","VCAN","Mono","FN1",-0.251523844617799,-0.251523844617799,NA,NA,0.232,NA,NA,NA
"5","DC:VCAN_T:FN1","DC","VCAN","T","FN1",-0.251523844617799,-0.251523844617799,NA,NA,0.227428571428571,NA,NA,NA
"6","DC:VCAN_DC:LDLR","DC","VCAN","DC","LDLR",-0.251523844617799,-0.251523844617799,NA,NA,0.239625,NA,NA,NA
"7","DC:VCAN_Ery:LDLR","DC","VCAN","Ery","LDLR",-0.251523844617799,-0.251523844617799,NA,NA,0.237285714285714,NA,NA,NA
"8","DC:VCAN_HSPC:LDLR","DC","VCAN","HSPC","LDLR",-0.251523844617799,-0.251523844617799,NA,NA,0.23775,NA,NA,NA
"9","DC:VCAN_Mono:LDLR","DC","VCAN","Mono","LDLR",-0.251523844617799,-0.251523844617799,NA,NA,0.250714285714286,NA,NA,NA
"10","DC:VCAN_T:LDLR","DC","VCAN","T","LDLR",-0.251523844617799,-0.251523844617799,NA,NA,0.243285714285714,NA,NA,NA
"11","DC:VCAN_DC:ITGB1","DC","VCAN","DC","ITGB1",-0.251523844617799,-0.251523844617799,NA,NA,0.416625,NA,NA,NA
"12","DC:VCAN_Ery:ITGB1","DC","VCAN","Ery","ITGB1",-0.251523844617799,-0.251523844617799,NA,NA,0.419714285714286,NA,NA,NA
"13","DC:VCAN_HSPC:ITGB1","DC","VCAN","HSPC","ITGB1",-0.251523844617799,-0.251523844617799,NA,NA,0.42775,NA,NA,NA
"14","DC:VCAN_Mono:ITGB1","DC","VCAN","Mono","ITGB1",-0.251523844617799,-0.251523844617799,NA,NA,0.407857142857143,NA,NA,NA
"15","DC:VCAN_T:ITGB1","DC","VCAN","T","ITGB1",-0.251523844617799,-0.251523844617799,NA,NA,0.392285714285714,NA,NA,NA
"16","DC:VCAN_DC:TLR2","DC","VCAN","DC","TLR2",-0.251523844617799,-0.251523844617799,NA,NA,0.262125,NA,NA,NA
"17","DC:VCAN_Ery:TLR2","DC","VCAN","Ery","TLR2",-0.251523844617799,-0.251523844617799,NA,NA,0.247,NA,NA,NA
"18","DC:VCAN_HSPC:TLR2","DC","VCAN","HSPC","TLR2",-0.251523844617799,-0.251523844617799,NA,NA,0.253625,NA,NA,NA
"19","DC:VCAN_Mono:TLR2","DC","VCAN","Mono","TLR2",-0.251523844617799,-0.251523844617799,NA,NA,0.270142857142857,NA,NA,NA
"20","DC:VCAN_T:TLR2","DC","VCAN","T","TLR2",-0.251523844617799,-0.251523844617799,NA,NA,0.258,NA,NA,NA
"21","DC:VCAN_DC:TLR3","DC","VCAN","DC","TLR3",-0.251523844617799,-0.251523844617799,NA,NA,0.223375,NA,NA,NA
"22","DC:VCAN_Ery:TLR3","DC","VCAN","Ery","TLR3",-0.251523844617799,-0.251523844617799,NA,NA,0.222285714285714,NA,NA,NA
"23","DC:VCAN_HSPC:TLR3","DC","VCAN","HSPC","TLR3",-0.251523844617799,-0.251523844617799,NA,NA,0.223875,NA,NA,NA
"24","DC:VCAN_Mono:TLR3","DC","VCAN","Mono","TLR3",-0.251523844617799,-0.251523844617799,NA,NA,0.231285714285714,NA,NA,NA
"25","DC:VCAN_T:TLR3","DC","VCAN","T","TLR3",-0.251523844617799,-0.251523844617799,NA,NA,0.226571428571429,NA,NA,NA
"26","DC:VEGFA_DC:VCAN","DC","VEGFA","DC","VCAN",NA,NA,-0.251523844617799,2.49127243760142e-40,0.23625,NA,NA,NA
"27","Ery:VEGFA_DC:VCAN","Ery","VEGFA","DC","VCAN",NA,NA,-0.251523844617799,2.49127243760142e-40,0.232142857142857,NA,NA,NA
"28","HSPC:VEGFA_DC:VCAN","HSPC","VEGFA","DC","VCAN",NA,NA,-0.251523844617799,2.49127243760142e-40,0.233625,NA,NA,NA
"29","Mono:VEGFA_DC:VCAN","Mono","VEGFA","DC","VCAN",NA,NA,-0.251523844617799,2.49127243760142e-40,0.246428571428571,NA,NA,NA
"30","T:VEGFA_DC:VCAN","T","VEGFA","DC","VCAN",NA,NA,-0.251523844617799,2.49127243760142e-40,0.238,NA,NA,NA
"31","Ery:MIF_DC:CD74","Ery","MIF","DC","CD74",-0.25216416428625,-0.25216416428625,NA,NA,1.074,NA,NA,NA
"32","Ery:MIF_Ery:CD74","Ery","MIF","Ery","CD74",-0.25216416428625,-0.25216416428625,NA,NA,1.019875,NA,NA,NA
"33","Ery:MIF_HSPC:CD74","Ery","MIF","HSPC","CD74",-0.25216416428625,-0.25216416428625,NA,NA,0.9985,NA,NA,NA
"34","Ery:MIF_Mono:CD74","Ery","MIF","Mono","CD74",-0.25216416428625,-0.25216416428625,NA,NA,1.12371428571429,NA,NA,NA
"35","Ery:MIF_T:CD74","Ery","MIF","T","CD74",-0.25216416428625,-0.25216416428625,NA,NA,0.998714285714286,NA,NA,NA
"36","DC:AREG_DC:ICAM1","DC","AREG","DC","ICAM1",-0.454014921328069,-0.454014921328069,NA,NA,0.08725,NA,NA,NA
"37","HSPC:AREG_DC:ICAM1","HSPC","AREG","DC","ICAM1",-0.900241797457921,-0.900241797457921,NA,NA,0.082125,NA,NA,NA
"38","DC:AREG_Ery:ICAM1","DC","AREG","Ery","ICAM1",-0.454014921328069,-0.454014921328069,NA,NA,0.0832857142857143,NA,NA,NA
"39","HSPC:AREG_Ery:ICAM1","HSPC","AREG","Ery","ICAM1",-0.900241797457921,-0.900241797457921,NA,NA,0.077125,NA,NA,NA
"40","DC:AREG_HSPC:ICAM1","DC","AREG","HSPC","ICAM1",-0.454014921328069,-0.454014921328069,NA,NA,0.08575,NA,NA,NA
"41","HSPC:AREG_HSPC:ICAM1","HSPC","AREG","HSPC","ICAM1",-0.900241797457921,-0.900241797457921,NA,NA,0.0803333333333333,NA,NA,NA
"42","DC:AREG_Mono:ICAM1","DC","AREG","Mono","ICAM1",-0.454014921328069,-0.454014921328069,NA,NA,0.0895714285714286,NA,NA,NA
"43","HSPC:AREG_Mono:ICAM1","HSPC","AREG","Mono","ICAM1",-0.900241797457921,-0.900241797457921,NA,NA,0.085,NA,NA,NA
"44","DC:AREG_T:ICAM1","DC","AREG","T","ICAM1",-0.454014921328069,-0.454014921328069,NA,NA,0.0875714285714286,NA,NA,NA
"45","HSPC:AREG_T:ICAM1","HSPC","AREG","T","ICAM1",-0.900241797457921,-0.900241797457921,NA,NA,0.081125,NA,NA,NA
"46","DC:FBLN2_DC:VCAN","DC","FBLN2","DC","VCAN",NA,NA,-0.251523844617799,2.49127243760142e-40,0.224,NA,NA,NA
"47","Ery:FBLN2_DC:VCAN","Ery","FBLN2","DC","VCAN",NA,NA,-0.251523844617799,2.49127243760142e-40,0.222857142857143,NA,NA,NA
"48","HSPC:FBLN2_DC:VCAN","HSPC","FBLN2","DC","VCAN",NA,NA,-0.251523844617799,2.49127243760142e-40,0.224,NA,NA,NA
"49","Mono:FBLN2_DC:VCAN","Mono","FBLN2","DC","VCAN",NA,NA,-0.251523844617799,2.49127243760142e-40,0.231571428571429,NA,NA,NA
"50","T:FBLN2_DC:VCAN","T","FBLN2","DC","VCAN",NA,NA,-0.251523844617799,2.49127243760142e-40,0.226571428571429,NA,NA,NA
"51","HSPC:HSP90B1_DC:TLR4","HSPC","HSP90B1","DC","TLR4",-0.266230716109959,-0.266230716109959,NA,NA,0.35825,NA,NA,NA
"52","HSPC:HSP90B1_Ery:TLR4","HSPC","HSP90B1","Ery","TLR4",-0.266230716109959,-0.266230716109959,NA,NA,0.313625,NA,NA,NA
"53","HSPC:HSP90B1_HSPC:TLR4","HSPC","HSP90B1","HSPC","TLR4",-0.266230716109959,-0.266230716109959,NA,NA,0.352555555555556,NA,NA,NA
"54","HSPC:HSP90B1_Mono:TLR4","HSPC","HSP90B1","Mono","TLR4",-0.266230716109959,-0.266230716109959,NA,NA,0.35625,NA,NA,NA
"55","HSPC:HSP90B1_T:TLR4","HSPC","HSP90B1","T","TLR4",-0.266230716109959,-0.266230716109959,NA,NA,0.351375,NA,NA,NA
"56","HSPC:HSP90B1_DC:TLR2","HSPC","HSP90B1","DC","TLR2",-0.266230716109959,-0.266230716109959,NA,NA,0.37525,NA,NA,NA
"57","HSPC:HSP90B1_Ery:TLR2","HSPC","HSP90B1","Ery","TLR2",-0.266230716109959,-0.266230716109959,NA,NA,0.371125,NA,NA,NA
"58","HSPC:HSP90B1_HSPC:TLR2","HSPC","HSP90B1","HSPC","TLR2",-0.266230716109959,-0.266230716109959,NA,NA,0.368,NA,NA,NA
"59","HSPC:HSP90B1_Mono:TLR2","HSPC","HSP90B1","Mono","TLR2",-0.266230716109959,-0.266230716109959,NA,NA,0.3755,NA,NA,NA
"60","HSPC:HSP90B1_T:TLR2","HSPC","HSP90B1","T","TLR2",-0.266230716109959,-0.266230716109959,NA,NA,0.36825,NA,NA,NA
"61","HSPC:HSP90B1_DC:ASGR1","HSPC","HSP90B1","DC","ASGR1",-0.266230716109959,-0.266230716109959,NA,NA,0.372875,NA,NA,NA
"62","HSPC:HSP90B1_Ery:ASGR1","HSPC","HSP90B1","Ery","ASGR1",-0.266230716109959,-0.266230716109959,NA,NA,0.372875,NA,NA,NA
"63","HSPC:HSP90B1_HSPC:ASGR1","HSPC","HSP90B1","HSPC","ASGR1",-0.266230716109959,-0.266230716109959,NA,NA,0.324444444444444,NA,NA,NA
"64","HSPC:HSP90B1_Mono:ASGR1","HSPC","HSP90B1","Mono","ASGR1",-0.266230716109959,-0.266230716109959,NA,NA,0.38375,NA,NA,NA
"65","HSPC:HSP90B1_T:ASGR1","HSPC","HSP90B1","T","ASGR1",-0.266230716109959,-0.266230716109959,NA,NA,0.370875,NA,NA,NA
"66","DC:SELPLG_DC:SELL","DC","SELPLG","DC","SELL",NA,NA,-0.331684708405509,0,0.256125,NA,NA,NA
"67","Ery:SELPLG_DC:SELL","Ery","SELPLG","DC","SELL",NA,NA,-0.331684708405509,0,0.255428571428571,NA,NA,NA
"68","HSPC:SELPLG_DC:SELL","HSPC","SELPLG","DC","SELL",NA,NA,-0.331684708405509,0,0.25575,NA,NA,NA
"69","Mono:SELPLG_DC:SELL","Mono","SELPLG","DC","SELL",NA,NA,-0.331684708405509,0,0.261428571428571,NA,NA,NA
"70","T:SELPLG_DC:SELL","T","SELPLG","DC","SELL",NA,NA,-0.331684708405509,0,0.255,NA,NA,NA
"71","DC:SELPLG_HSPC:SELL","DC","SELPLG","HSPC","SELL",NA,NA,-0.306021151163924,0,0.258375,NA,NA,NA
"72","Ery:SELPLG_HSPC:SELL","Ery","SELPLG","HSPC","SELL",NA,NA,-0.306021151163924,0,0.25725,NA,NA,NA
"73","HSPC:SELPLG_HSPC:SELL","HSPC","SELPLG","HSPC","SELL",NA,NA,-0.306021151163924,0,0.257555555555556,NA,NA,NA
"74","Mono:SELPLG_HSPC:SELL","Mono","SELPLG","HSPC","SELL",NA,NA,-0.306021151163924,0,0.261,NA,NA,NA
"75","T:SELPLG_HSPC:SELL","T","SELPLG","HSPC","SELL",NA,NA,-0.306021151163924,0,0.257875,NA,NA,NA
"76","DC:S100A8_DC:ITGB2","DC","S100A8","DC","ITGB2",-0.277329367248429,-0.277329367248429,NA,NA,0.836125,NA,NA,NA
"77","DC:S100A8_Ery:ITGB2","DC","S100A8","Ery","ITGB2",-0.277329367248429,-0.277329367248429,NA,NA,0.801571428571429,NA,NA,NA
"78","DC:S100A8_HSPC:ITGB2","DC","S100A8","HSPC","ITGB2",-0.277329367248429,-0.277329367248429,NA,NA,0.80875,NA,NA,NA
"79","DC:S100A8_Mono:ITGB2","DC","S100A8","Mono","ITGB2",-0.277329367248429,-0.277329367248429,NA,NA,0.841,NA,NA,NA
"80","DC:S100A8_T:ITGB2","DC","S100A8","T","ITGB2",-0.277329367248429,-0.277329367248429,NA,NA,0.822714285714286,NA,NA,NA
"81","DC:S100A8_DC:TLR4","DC","S100A8","DC","TLR4",-0.277329367248429,-0.277329367248429,NA,NA,0.662375,NA,NA,NA
"82","DC:S100A8_Ery:TLR4","DC","S100A8","Ery","TLR4",-0.277329367248429,-0.277329367248429,NA,NA,0.564714285714286,NA,NA,NA
"83","DC:S100A8_HSPC:TLR4","DC","S100A8","HSPC","TLR4",-0.277329367248429,-0.277329367248429,NA,NA,0.65575,NA,NA,NA
"84","DC:S100A8_Mono:TLR4","DC","S100A8","Mono","TLR4",-0.277329367248429,-0.277329367248429,NA,NA,0.660857142857143,NA,NA,NA
"85","DC:S100A8_T:TLR4","DC","S100A8","T","TLR4",-0.277329367248429,-0.277329367248429,NA,NA,0.666,NA,NA,NA
"86","DC:S100A9_DC:ITGB2","DC","S100A9","DC","ITGB2",-0.29792273436797,-0.29792273436797,NA,NA,0.8435,NA,NA,NA
"87","DC:S100A9_Ery:ITGB2","DC","S100A9","Ery","ITGB2",-0.29792273436797,-0.29792273436797,NA,NA,0.805428571428571,NA,NA,NA
"88","DC:S100A9_HSPC:ITGB2","DC","S100A9","HSPC","ITGB2",-0.29792273436797,-0.29792273436797,NA,NA,0.81575,NA,NA,NA
"89","DC:S100A9_Mono:ITGB2","DC","S100A9","Mono","ITGB2",-0.29792273436797,-0.29792273436797,NA,NA,0.850714285714286,NA,NA,NA
"90","DC:S100A9_T:ITGB2","DC","S100A9","T","ITGB2",-0.29792273436797,-0.29792273436797,NA,NA,0.827,NA,NA,NA
"91","DC:S100A9_DC:TLR4","DC","S100A9","DC","TLR4",-0.29792273436797,-0.29792273436797,NA,NA,0.6695,NA,NA,NA
"92","DC:S100A9_Ery:TLR4","DC","S100A9","Ery","TLR4",-0.29792273436797,-0.29792273436797,NA,NA,0.570571428571429,NA,NA,NA
"93","DC:S100A9_HSPC:TLR4","DC","S100A9","HSPC","TLR4",-0.29792273436797,-0.29792273436797,NA,NA,0.663,NA,NA,NA
"94","DC:S100A9_Mono:TLR4","DC","S100A9","Mono","TLR4",-0.29792273436797,-0.29792273436797,NA,NA,0.670714285714286,NA,NA,NA
"95","DC:S100A9_T:TLR4","DC","S100A9","T","TLR4",-0.29792273436797,-0.29792273436797,NA,NA,0.670857142857143,NA,NA,NA
"96","Ery:EPCAM_DC:CLDN7","Ery","EPCAM","DC","CLDN7",-0.278844053182225,-0.278844053182225,NA,NA,0.00357142857142857,NA,NA,NA
"97","Ery:EPCAM_Ery:CLDN7","Ery","EPCAM","Ery","CLDN7",-0.278844053182225,-0.278844053182225,NA,NA,0.003375,NA,NA,NA
"98","Ery:EPCAM_HSPC:CLDN7","Ery","EPCAM","HSPC","CLDN7",-0.278844053182225,-0.278844053182225,NA,NA,0.0035,NA,NA,NA
"99","Ery:EPCAM_Mono:CLDN7","Ery","EPCAM","Mono","CLDN7",-0.278844053182225,-0.278844053182225,NA,NA,0.00414285714285714,NA,NA,NA
"100","Ery:EPCAM_T:CLDN7","Ery","EPCAM","T","CLDN7",-0.278844053182225,-0.278844053182225,NA,NA,0.004,NA,NA,NA
"101","DC:CD34_DC:SELL","DC","CD34","DC","SELL",NA,NA,-0.331684708405509,0,0.308,NA,NA,NA
"102","Ery:CD34_DC:SELL","Ery","CD34","DC","SELL",NA,NA,-0.331684708405509,0,0.324142857142857,NA,NA,NA
"103","HSPC:CD34_DC:SELL","HSPC","CD34","DC","SELL",NA,NA,-0.331684708405509,0,0.33025,NA,NA,NA
"104","Mono:CD34_DC:SELL","Mono","CD34","DC","SELL",NA,NA,-0.331684708405509,0,0.299285714285714,NA,NA,NA
"105","T:CD34_DC:SELL","T","CD34","DC","SELL",NA,NA,-0.331684708405509,0,0.303142857142857,NA,NA,NA
"106","DC:CD34_HSPC:SELL","DC","CD34","HSPC","SELL",NA,NA,-0.306021151163924,0,0.31025,NA,NA,NA
"107","Ery:CD34_HSPC:SELL","Ery","CD34","HSPC","SELL",NA,NA,-0.306021151163924,0,0.327125,NA,NA,NA
"108","HSPC:CD34_HSPC:SELL","HSPC","CD34","HSPC","SELL",NA,NA,-0.306021151163924,0,0.331222222222222,NA,NA,NA
"109","Mono:CD34_HSPC:SELL","Mono","CD34","HSPC","SELL",NA,NA,-0.306021151163924,0,0.3055,NA,NA,NA
"110","T:CD34_HSPC:SELL","T","CD34","HSPC","SELL",NA,NA,-0.306021151163924,0,0.31075,NA,NA,NA
"111","DC:GZMB_DC:PGRMC1","DC","GZMB","DC","PGRMC1",-0.268788269184333,-0.268788269184333,NA,NA,0.043,NA,NA,NA
"112","DC:GZMB_Ery:PGRMC1","DC","GZMB","Ery","PGRMC1",-0.268788269184333,-0.268788269184333,NA,NA,0.0448571428571429,NA,NA,NA
"113","DC:GZMB_HSPC:PGRMC1","DC","GZMB","HSPC","PGRMC1",-0.268788269184333,-0.268788269184333,NA,NA,0.04375,NA,NA,NA
"114","DC:GZMB_Mono:PGRMC1","DC","GZMB","Mono","PGRMC1",-0.268788269184333,-0.268788269184333,NA,NA,0.0432857142857143,NA,NA,NA
"115","DC:GZMB_T:PGRMC1","DC","GZMB","T","PGRMC1",-0.268788269184333,-0.268788269184333,NA,NA,0.0398571428571429,NA,NA,NA
"116","DC:VCAN_B:FN1","DC","VCAN","B","FN1",-0.251523844617799,-0.251523844617799,NA,NA,0.213285714285714,NA,NA,NA
"117","DC:VCAN_B:LDLR","DC","VCAN","B","LDLR",-0.251523844617799,-0.251523844617799,NA,NA,0.230285714285714,NA,NA,NA
"118","DC:VCAN_B:ITGB1","DC","VCAN","B","ITGB1",-0.251523844617799,-0.251523844617799,NA,NA,0.408,NA,NA,NA
"119","DC:VCAN_B:TLR2","DC","VCAN","B","TLR2",-0.251523844617799,-0.251523844617799,NA,NA,0.248571428571429,NA,NA,NA
"120","DC:VCAN_B:TLR3","DC","VCAN","B","TLR3",-0.251523844617799,-0.251523844617799,NA,NA,0.212857142857143,NA,NA,NA
"121","B:VEGFA_DC:VCAN","B","VEGFA","DC","VCAN",NA,NA,-0.251523844617799,2.49127243760142e-40,0.225285714285714,NA,NA,NA
"122","Ery:MIF_B:CD74","Ery","MIF","B","CD74",-0.25216416428625,-0.25216416428625,NA,NA,1.03814285714286,NA,NA,NA
"123","DC:AREG_B:ICAM1","DC","AREG","B","ICAM1",-0.454014921328069,-0.454014921328069,NA,NA,0.0817142857142857,NA,NA,NA
"124","HSPC:AREG_B:ICAM1","HSPC","AREG","B","ICAM1",-0.900241797457921,-0.900241797457921,NA,NA,0.085625,NA,NA,NA
"125","B:FBLN2_DC:VCAN","B","FBLN2","DC","VCAN",NA,NA,-0.251523844617799,2.49127243760142e-40,0.212714285714286,NA,NA,NA
"126","HSPC:HSP90B1_B:TLR4","HSPC","HSP90B1","B","TLR4",-0.266230716109959,-0.266230716109959,NA,NA,0.352,NA,NA,NA
"127","HSPC:HSP90B1_B:TLR2","HSPC","HSP90B1","B","TLR2",-0.266230716109959,-0.266230716109959,NA,NA,0.366375,NA,NA,NA
"128","HSPC:HSP90B1_B:ASGR1","HSPC","HSP90B1","B","ASGR1",-0.266230716109959,-0.266230716109959,NA,NA,0.369625,NA,NA,NA
"129","B:CD69_B:SIRPA","B","CD69","B","SIRPA",-0.259986912069383,-0.259986912069383,NA,NA,0.194,NA,NA,NA
"130","B:CD69_DC:SIRPA","B","CD69","DC","SIRPA",-0.259986912069383,-0.259986912069383,NA,NA,0.191857142857143,NA,NA,NA
"131","B:CD69_Ery:SIRPA","B","CD69","Ery","SIRPA",-0.259986912069383,-0.259986912069383,NA,NA,0.193142857142857,NA,NA,NA
"132","B:CD69_HSPC:SIRPA","B","CD69","HSPC","SIRPA",-0.259986912069383,-0.259986912069383,NA,NA,0.1925,NA,NA,NA
"133","B:CD69_Mono:SIRPA","B","CD69","Mono","SIRPA",-0.259986912069383,-0.259986912069383,NA,NA,0.194142857142857,NA,NA,NA
"134","B:CD69_T:SIRPA","B","CD69","T","SIRPA",-0.259986912069383,-0.259986912069383,NA,NA,0.193428571428571,NA,NA,NA
"135","B:SELPLG_DC:SELL","B","SELPLG","DC","SELL",NA,NA,-0.331684708405509,0,0.259142857142857,NA,NA,NA
"136","B:SELPLG_HSPC:SELL","B","SELPLG","HSPC","SELL",NA,NA,-0.306021151163924,0,0.256,NA,NA,NA
"137","DC:S100A8_B:ITGB2","DC","S100A8","B","ITGB2",-0.277329367248429,-0.277329367248429,NA,NA,0.843142857142857,NA,NA,NA
"138","DC:S100A8_B:TLR4","DC","S100A8","B","TLR4",-0.277329367248429,-0.277329367248429,NA,NA,0.674285714285714,NA,NA,NA
"139","DC:S100A9_B:ITGB2","DC","S100A9","B","ITGB2",-0.29792273436797,-0.29792273436797,NA,NA,0.836571428571429,NA,NA,NA
"140","DC:S100A9_B:TLR4","DC","S100A9","B","TLR4",-0.29792273436797,-0.29792273436797,NA,NA,0.667714285714286,NA,NA,NA
"141","Ery:EPCAM_B:CLDN7","Ery","EPCAM","B","CLDN7",-0.278844053182225,-0.278844053182225,NA,NA,0.00185714285714286,NA,NA,NA
"142","B:CD34_DC:SELL","B","CD34","DC","SELL",NA,NA,-0.331684708405509,0,0.316857142857143,NA,NA,NA
"143","B:CD34_HSPC:SELL","B","CD34","HSPC","SELL",NA,NA,-0.306021151163924,0,0.3155,NA,NA,NA
"144","DC:GZMB_B:PGRMC1","DC","GZMB","B","PGRMC1",-0.268788269184333,-0.268788269184333,NA,NA,0.0444285714285714,NA,NA,NA
"145","B:PODXL2_DC:SELL","B","PODXL2","DC","SELL",NA,NA,-0.331684708405509,0,0,NA,NA,NA
"146","DC:PODXL2_DC:SELL","DC","PODXL2","DC","SELL",NA,NA,-0.331684708405509,0,0.09,NA,NA,NA
"147","Ery:PODXL2_DC:SELL","Ery","PODXL2","DC","SELL",NA,NA,-0.331684708405509,0,0.208,NA,NA,NA
"148","HSPC:PODXL2_DC:SELL","HSPC","PODXL2","DC","SELL",NA,NA,-0.331684708405509,0,0.09,NA,NA,NA
"149","Mono:PODXL2_DC:SELL","Mono","PODXL2","DC","SELL",NA,NA,-0.331684708405509,0,0.104,NA,NA,NA
"150","T:PODXL2_DC:SELL","T","PODXL2","DC","SELL",NA,NA,-0.331684708405509,0,0.104,NA,NA,NA
"151","B:PODXL2_HSPC:SELL","B","PODXL2","HSPC","SELL",NA,NA,-0.306021151163924,0,0,NA,NA,NA
"152","DC:PODXL2_HSPC:SELL","DC","PODXL2","HSPC","SELL",NA,NA,-0.306021151163924,0,0.091,NA,NA,NA
"153","Ery:PODXL2_HSPC:SELL","Ery","PODXL2","HSPC","SELL",NA,NA,-0.306021151163924,0,0.183,NA,NA,NA
"154","HSPC:PODXL2_HSPC:SELL","HSPC","PODXL2","HSPC","SELL",NA,NA,-0.306021151163924,0,0.091,NA,NA,NA
"155","Mono:PODXL2_HSPC:SELL","Mono","PODXL2","HSPC","SELL",NA,NA,-0.306021151163924,0,0.0915,NA,NA,NA
"156","T:PODXL2_HSPC:SELL","T","PODXL2","HSPC","SELL",NA,NA,-0.306021151163924,0,0.0915,NA,NA,NA
"461","HSPC:HSP90B1_DC:LRP1","HSPC","HSP90B1","DC","LRP1",-0.266230716109959,1.14259777324474e-199,NA,NA,0.363875,NA,NA,NA
"471","HSPC:HSP90B1_Ery:LRP1","HSPC","HSP90B1","Ery","LRP1",-0.266230716109959,1.14259777324474e-199,NA,NA,0.362,NA,NA,NA
"481","HSPC:HSP90B1_HSPC:LRP1","HSPC","HSP90B1","HSPC","LRP1",-0.266230716109959,1.14259777324474e-199,NA,NA,0.357888888888889,NA,NA,NA
"491","HSPC:HSP90B1_Mono:LRP1","HSPC","HSP90B1","Mono","LRP1",-0.266230716109959,1.14259777324474e-199,NA,NA,0.3685,NA,NA,NA
"501","HSPC:HSP90B1_T:LRP1","HSPC","HSP90B1","T","LRP1",-0.266230716109959,1.14259777324474e-199,NA,NA,0.3605,NA,NA,NA
"511","Ery:APOC1_DC:VLDLR","Ery","APOC1","DC","VLDLR",-0.398583646554478,5.16322187652807e-17,NA,NA,0.028,NA,NA,NA
"521","Ery:APOC1_Ery:VLDLR","Ery","APOC1","Ery","VLDLR",-0.398583646554478,5.16322187652807e-17,NA,NA,0.025625,NA,NA,NA
"531","Ery:APOC1_HSPC:VLDLR","Ery","APOC1","HSPC","VLDLR",-0.398583646554478,5.16322187652807e-17,NA,NA,0.025625,NA,NA,NA
"541","Ery:APOC1_Mono:VLDLR","Ery","APOC1","Mono","VLDLR",-0.398583646554478,5.16322187652807e-17,NA,NA,0.028,NA,NA,NA
"551","Ery:APOC1_T:VLDLR","Ery","APOC1","T","VLDLR",-0.398583646554478,5.16322187652807e-17,NA,NA,0.0275714285714286,NA,NA,NA
"561","DC:VCAN_DC:TLR6","DC","VCAN","DC","TLR6",-0.251523844617799,2.49127243760142e-40,NA,NA,0.22875,NA,NA,NA
"571","DC:VCAN_Ery:TLR6","DC","VCAN","Ery","TLR6",-0.251523844617799,2.49127243760142e-40,NA,NA,0.224428571428571,NA,NA,NA
"581","DC:VCAN_HSPC:TLR6","DC","VCAN","HSPC","TLR6",-0.251523844617799,2.49127243760142e-40,NA,NA,0.2275,NA,NA,NA
"591","DC:VCAN_Mono:TLR6","DC","VCAN","Mono","TLR6",-0.251523844617799,2.49127243760142e-40,NA,NA,0.235714285714286,NA,NA,NA
"601","DC:VCAN_T:TLR6","DC","VCAN","T","TLR6",-0.251523844617799,2.49127243760142e-40,NA,NA,0.229857142857143,NA,NA,NA
"611","Ery:MIF_DC:CD44","Ery","MIF","DC","CD44",-0.25216416428625,0.0399024874100407,NA,NA,0.798857142857143,NA,NA,NA
"621","Ery:MIF_Ery:CD44","Ery","MIF","Ery","CD44",-0.25216416428625,0.0399024874100407,NA,NA,0.784625,NA,NA,NA
"631","Ery:MIF_HSPC:CD44","Ery","MIF","HSPC","CD44",-0.25216416428625,0.0399024874100407,NA,NA,0.784,NA,NA,NA
"641","Ery:MIF_Mono:CD44","Ery","MIF","Mono","CD44",-0.25216416428625,0.0399024874100407,NA,NA,0.811857142857143,NA,NA,NA
"651","Ery:MIF_T:CD44","Ery","MIF","T","CD44",-0.25216416428625,0.0399024874100407,NA,NA,0.786428571428571,NA,NA,NA
"661","HSPC:SRGN_DC:CD44","HSPC","SRGN","DC","CD44",-0.342223592241222,7.24611880007544e-155,NA,NA,1.126,NA,NA,NA
"671","HSPC:SRGN_Ery:CD44","HSPC","SRGN","Ery","CD44",-0.342223592241222,7.24611880007544e-155,NA,NA,1.13025,NA,NA,NA
"681","HSPC:SRGN_HSPC:CD44","HSPC","SRGN","HSPC","CD44",-0.342223592241222,7.24611880007544e-155,NA,NA,1.12088888888889,NA,NA,NA
"691","HSPC:SRGN_Mono:CD44","HSPC","SRGN","Mono","CD44",-0.342223592241222,7.24611880007544e-155,NA,NA,1.145125,NA,NA,NA
"701","HSPC:SRGN_T:CD44","HSPC","SRGN","T","CD44",-0.342223592241222,7.24611880007544e-155,NA,NA,1.125625,NA,NA,NA
"711","DC:VCAN_DC:CD44","DC","VCAN","DC","CD44",-0.251523844617799,2.49127243760142e-40,NA,NA,0.56375,NA,NA,NA
"721","DC:VCAN_Ery:CD44","DC","VCAN","Ery","CD44",-0.251523844617799,2.49127243760142e-40,NA,NA,0.546285714285714,NA,NA,NA
"731","DC:VCAN_HSPC:CD44","DC","VCAN","HSPC","CD44",-0.251523844617799,2.49127243760142e-40,NA,NA,0.5485,NA,NA,NA
"741","DC:VCAN_Mono:CD44","DC","VCAN","Mono","CD44",-0.251523844617799,2.49127243760142e-40,NA,NA,0.594,NA,NA,NA
"751","DC:VCAN_T:CD44","DC","VCAN","T","CD44",-0.251523844617799,2.49127243760142e-40,NA,NA,0.565857142857143,NA,NA,NA
"761","DC:VCAN_DC:ITGA4","DC","VCAN","DC","ITGA4",-0.251523844617799,2.49127243760142e-40,NA,NA,0.441125,NA,NA,NA
"771","DC:VCAN_Ery:ITGA4","DC","VCAN","Ery","ITGA4",-0.251523844617799,2.49127243760142e-40,NA,NA,0.432714285714286,NA,NA,NA
"781","DC:VCAN_HSPC:ITGA4","DC","VCAN","HSPC","ITGA4",-0.251523844617799,2.49127243760142e-40,NA,NA,0.468375,NA,NA,NA
"791","DC:VCAN_Mono:ITGA4","DC","VCAN","Mono","ITGA4",-0.251523844617799,2.49127243760142e-40,NA,NA,0.427285714285714,NA,NA,NA
"801","DC:VCAN_T:ITGA4","DC","VCAN","T","ITGA4",-0.251523844617799,2.49127243760142e-40,NA,NA,0.411285714285714,NA,NA,NA
"811","DC:CALM1_DC:SELL","DC","CALM1","DC","SELL",NA,NA,-0.331684708405509,0,0.530125,NA,NA,NA
"821","DC:CALM1_HSPC:SELL","DC","CALM1","HSPC","SELL",NA,NA,-0.306021151163924,0,0.532125,NA,NA,NA
"831","Ery:CALM1_DC:SELL","Ery","CALM1","DC","SELL",NA,NA,-0.331684708405509,0,0.527428571428571,NA,NA,NA
"841","Ery:CALM1_HSPC:SELL","Ery","CALM1","HSPC","SELL",NA,NA,-0.306021151163924,0,0.529,NA,NA,NA
"851","HSPC:CALM1_DC:SELL","HSPC","CALM1","DC","SELL",NA,NA,-0.331684708405509,0,0.515,NA,NA,NA
"861","HSPC:CALM1_HSPC:SELL","HSPC","CALM1","HSPC","SELL",NA,NA,-0.306021151163924,0,0.518444444444444,NA,NA,NA
"871","Mono:CALM1_DC:SELL","Mono","CALM1","DC","SELL",NA,NA,-0.331684708405509,0,0.519857142857143,NA,NA,NA
"881","Mono:CALM1_HSPC:SELL","Mono","CALM1","HSPC","SELL",NA,NA,-0.306021151163924,0,0.514625,NA,NA,NA
"891","T:CALM1_DC:SELL","T","CALM1","DC","SELL",NA,NA,-0.331684708405509,0,0.507,NA,NA,NA
"901","T:CALM1_HSPC:SELL","T","CALM1","HSPC","SELL",NA,NA,-0.306021151163924,0,0.5115,NA,NA,NA
"911","DC:CALM2_DC:SELL","DC","CALM2","DC","SELL",NA,NA,-0.331684708405509,0,0.7895,NA,NA,NA
"921","DC:CALM2_HSPC:SELL","DC","CALM2","HSPC","SELL",NA,NA,-0.306021151163924,0,0.791625,NA,NA,NA
"931","Ery:CALM2_DC:SELL","Ery","CALM2","DC","SELL",NA,NA,-0.331684708405509,0,0.804142857142857,NA,NA,NA
"941","Ery:CALM2_HSPC:SELL","Ery","CALM2","HSPC","SELL",NA,NA,-0.306021151163924,0,0.806875,NA,NA,NA
"951","HSPC:CALM2_DC:SELL","HSPC","CALM2","DC","SELL",NA,NA,-0.331684708405509,0,0.784625,NA,NA,NA
"961","HSPC:CALM2_HSPC:SELL","HSPC","CALM2","HSPC","SELL",NA,NA,-0.306021151163924,0,0.788222222222222,NA,NA,NA
"971","Mono:CALM2_DC:SELL","Mono","CALM2","DC","SELL",NA,NA,-0.331684708405509,0,0.783142857142857,NA,NA,NA
"981","Mono:CALM2_HSPC:SELL","Mono","CALM2","HSPC","SELL",NA,NA,-0.306021151163924,0,0.77625,NA,NA,NA
"991","T:CALM2_DC:SELL","T","CALM2","DC","SELL",NA,NA,-0.331684708405509,0,0.724714285714286,NA,NA,NA
"1001","T:CALM2_HSPC:SELL","T","CALM2","HSPC","SELL",NA,NA,-0.306021151163924,0,0.73775,NA,NA,NA
"1011","DC:CALM3_DC:SELL","DC","CALM3","DC","SELL",NA,NA,-0.331684708405509,0,0.32775,NA,NA,NA
"1021","DC:CALM3_HSPC:SELL","DC","CALM3","HSPC","SELL",NA,NA,-0.306021151163924,0,0.33,NA,NA,NA
"1031","Ery:CALM3_DC:SELL","Ery","CALM3","DC","SELL",NA,NA,-0.331684708405509,0,0.388285714285714,NA,NA,NA
"1041","Ery:CALM3_HSPC:SELL","Ery","CALM3","HSPC","SELL",NA,NA,-0.306021151163924,0,0.384,NA,NA,NA
"1051","HSPC:CALM3_DC:SELL","HSPC","CALM3","DC","SELL",NA,NA,-0.331684708405509,0,0.325125,NA,NA,NA
"1061","HSPC:CALM3_HSPC:SELL","HSPC","CALM3","HSPC","SELL",NA,NA,-0.306021151163924,0,0.328333333333333,NA,NA,NA
"1071","Mono:CALM3_DC:SELL","Mono","CALM3","DC","SELL",NA,NA,-0.331684708405509,0,0.342,NA,NA,NA
"1081","Mono:CALM3_HSPC:SELL","Mono","CALM3","HSPC","SELL",NA,NA,-0.306021151163924,0,0.34,NA,NA,NA
"1091","T:CALM3_DC:SELL","T","CALM3","DC","SELL",NA,NA,-0.331684708405509,0,0.332571428571429,NA,NA,NA
"1101","T:CALM3_HSPC:SELL","T","CALM3","HSPC","SELL",NA,NA,-0.306021151163924,0,0.334,NA,NA,NA
"1111","DC:VCAN_DC:SELL","DC","VCAN","DC","SELL",-0.251523844617799,2.49127243760142e-40,-0.331684708405509,0,0.43,NA,NA,NA
"1121","DC:VCAN_Ery:SELL","DC","VCAN","Ery","SELL",-0.251523844617799,2.49127243760142e-40,NA,NA,0.428714285714286,NA,NA,NA
"1131","DC:VCAN_HSPC:SELL","DC","VCAN","HSPC","SELL",-0.251523844617799,2.49127243760142e-40,-0.306021151163924,0,0.43225,NA,NA,NA
"1141","DC:VCAN_Mono:SELL","DC","VCAN","Mono","SELL",-0.251523844617799,2.49127243760142e-40,NA,NA,0.425714285714286,NA,NA,NA
"1151","DC:VCAN_T:SELL","DC","VCAN","T","SELL",-0.251523844617799,2.49127243760142e-40,NA,NA,0.414285714285714,NA,NA,NA
"1161","Ery:VCAN_DC:SELL","Ery","VCAN","DC","SELL",NA,NA,-0.331684708405509,0,0.359571428571429,NA,NA,NA
"1171","Ery:VCAN_HSPC:SELL","Ery","VCAN","HSPC","SELL",NA,NA,-0.306021151163924,0,0.3665,NA,NA,NA
"1181","HSPC:VCAN_DC:SELL","HSPC","VCAN","DC","SELL",NA,NA,-0.331684708405509,0,0.3735,NA,NA,NA
"1191","HSPC:VCAN_HSPC:SELL","HSPC","VCAN","HSPC","SELL",NA,NA,-0.306021151163924,0,0.380888888888889,NA,NA,NA
"1201","Mono:VCAN_DC:SELL","Mono","VCAN","DC","SELL",NA,NA,-0.331684708405509,0,0.451285714285714,NA,NA,NA
"1211","Mono:VCAN_HSPC:SELL","Mono","VCAN","HSPC","SELL",NA,NA,-0.306021151163924,0,0.447,NA,NA,NA
"1221","T:VCAN_DC:SELL","T","VCAN","DC","SELL",NA,NA,-0.331684708405509,0,0.384571428571429,NA,NA,NA
"1231","T:VCAN_HSPC:SELL","T","VCAN","HSPC","SELL",NA,NA,-0.306021151163924,0,0.386875,NA,NA,NA
"1241","DC:CFH_DC:SELL","DC","CFH","DC","SELL",NA,NA,-0.331684708405509,0,0.159,NA,NA,NA
"1251","DC:CFH_HSPC:SELL","DC","CFH","HSPC","SELL",NA,NA,-0.306021151163924,0,0.159375,NA,NA,NA
"1261","Ery:CFH_DC:SELL","Ery","CFH","DC","SELL",NA,NA,-0.331684708405509,0,0.216857142857143,NA,NA,NA
"1271","Ery:CFH_HSPC:SELL","Ery","CFH","HSPC","SELL",NA,NA,-0.306021151163924,0,0.21825,NA,NA,NA
"1281","HSPC:CFH_DC:SELL","HSPC","CFH","DC","SELL",NA,NA,-0.331684708405509,0,0.213625,NA,NA,NA
"1291","HSPC:CFH_HSPC:SELL","HSPC","CFH","HSPC","SELL",NA,NA,-0.306021151163924,0,0.215555555555556,NA,NA,NA
"1301","Mono:CFH_DC:SELL","Mono","CFH","DC","SELL",NA,NA,-0.331684708405509,0,0.214142857142857,NA,NA,NA
"1311","Mono:CFH_HSPC:SELL","Mono","CFH","HSPC","SELL",NA,NA,-0.306021151163924,0,0.215125,NA,NA,NA
"1321","T:CFH_DC:SELL","T","CFH","DC","SELL",NA,NA,-0.331684708405509,0,0.212428571428571,NA,NA,NA
"1331","T:CFH_HSPC:SELL","T","CFH","HSPC","SELL",NA,NA,-0.306021151163924,0,0.215625,NA,NA,NA
"1341","DC:S100A9_DC:ALCAM","DC","S100A9","DC","ALCAM",-0.29792273436797,3.54118967831359e-24,NA,NA,0.708125,NA,NA,NA
"1351","DC:S100A9_Ery:ALCAM","DC","S100A9","Ery","ALCAM",-0.29792273436797,3.54118967831359e-24,NA,NA,0.702,NA,NA,NA
"1361","DC:S100A9_HSPC:ALCAM","DC","S100A9","HSPC","ALCAM",-0.29792273436797,3.54118967831359e-24,NA,NA,0.712625,NA,NA,NA
"1371","DC:S100A9_Mono:ALCAM","DC","S100A9","Mono","ALCAM",-0.29792273436797,3.54118967831359e-24,NA,NA,0.708142857142857,NA,NA,NA
"1381","DC:S100A9_T:ALCAM","DC","S100A9","T","ALCAM",-0.29792273436797,3.54118967831359e-24,NA,NA,0.704714285714286,NA,NA,NA
"1391","DC:VCAN_DC:SELP","DC","VCAN","DC","SELP",-0.251523844617799,2.49127243760142e-40,NA,NA,0.200375,NA,NA,NA
"1401","DC:VCAN_Ery:SELP","DC","VCAN","Ery","SELP",-0.251523844617799,2.49127243760142e-40,NA,NA,0.221,NA,NA,NA
"1411","DC:VCAN_HSPC:SELP","DC","VCAN","HSPC","SELP",-0.251523844617799,2.49127243760142e-40,NA,NA,0.2225,NA,NA,NA
"1421","DC:VCAN_Mono:SELP","DC","VCAN","Mono","SELP",-0.251523844617799,2.49127243760142e-40,NA,NA,0.187714285714286,NA,NA,NA
"1431","DC:VCAN_T:SELP","DC","VCAN","T","SELP",-0.251523844617799,2.49127243760142e-40,NA,NA,0.225428571428571,NA,NA,NA
"1441","DC:S100A9_DC:AGER","DC","S100A9","DC","AGER",-0.29792273436797,3.54118967831359e-24,NA,NA,0.651,NA,NA,NA
"1451","DC:S100A9_Ery:AGER","DC","S100A9","Ery","AGER",-0.29792273436797,3.54118967831359e-24,NA,NA,0.656857142857143,NA,NA,NA
"1461","DC:S100A9_HSPC:AGER","DC","S100A9","HSPC","AGER",-0.29792273436797,3.54118967831359e-24,NA,NA,0.650875,NA,NA,NA
"1471","DC:S100A9_Mono:AGER","DC","S100A9","Mono","AGER",-0.29792273436797,3.54118967831359e-24,NA,NA,0.654285714285714,NA,NA,NA
"1481","DC:S100A9_T:AGER","DC","S100A9","T","AGER",-0.29792273436797,3.54118967831359e-24,NA,NA,0.659,NA,NA,NA
"1491","DC:S100A8_DC:AGER","DC","S100A8","DC","AGER",-0.277329367248429,2.63262190714365e-28,NA,NA,0.644,NA,NA,NA
"1501","DC:S100A8_Ery:AGER","DC","S100A8","Ery","AGER",-0.277329367248429,2.63262190714365e-28,NA,NA,0.652857142857143,NA,NA,NA
"1511","DC:S100A8_HSPC:AGER","DC","S100A8","HSPC","AGER",-0.277329367248429,2.63262190714365e-28,NA,NA,0.643875,NA,NA,NA
"1521","DC:S100A8_Mono:AGER","DC","S100A8","Mono","AGER",-0.277329367248429,2.63262190714365e-28,NA,NA,0.644714285714286,NA,NA,NA
"1531","DC:S100A8_T:AGER","DC","S100A8","T","AGER",-0.277329367248429,2.63262190714365e-28,NA,NA,0.654428571428571,NA,NA,NA
"1541","DC:S100A9_DC:CD36","DC","S100A9","DC","CD36",-0.29792273436797,3.54118967831359e-24,NA,NA,0.751125,NA,NA,NA
"1551","DC:S100A9_Ery:CD36","DC","S100A9","Ery","CD36",-0.29792273436797,3.54118967831359e-24,NA,NA,0.769142857142857,NA,NA,NA
"1561","DC:S100A9_HSPC:CD36","DC","S100A9","HSPC","CD36",-0.29792273436797,3.54118967831359e-24,NA,NA,0.733625,NA,NA,NA
"157","DC:S100A9_Mono:CD36","DC","S100A9","Mono","CD36",-0.29792273436797,3.54118967831359e-24,NA,NA,0.775857142857143,NA,NA,NA
"158","DC:S100A9_T:CD36","DC","S100A9","T","CD36",-0.29792273436797,3.54118967831359e-24,NA,NA,0.741857142857143,NA,NA,NA
"159","DC:S100A8_DC:CD36","DC","S100A8","DC","CD36",-0.277329367248429,2.63262190714365e-28,NA,NA,0.744,NA,NA,NA
"160","DC:S100A8_Ery:CD36","DC","S100A8","Ery","CD36",-0.277329367248429,2.63262190714365e-28,NA,NA,0.765,NA,NA,NA
"161","DC:S100A8_HSPC:CD36","DC","S100A8","HSPC","CD36",-0.277329367248429,2.63262190714365e-28,NA,NA,0.7265,NA,NA,NA
"162","DC:S100A8_Mono:CD36","DC","S100A8","Mono","CD36",-0.277329367248429,2.63262190714365e-28,NA,NA,0.766142857142857,NA,NA,NA
"163","DC:S100A8_T:CD36","DC","S100A8","T","CD36",-0.277329367248429,2.63262190714365e-28,NA,NA,0.737285714285714,NA,NA,NA
"164","Ery:MIF_DC:CXCR4","Ery","MIF","DC","CXCR4",-0.25216416428625,0.0399024874100407,NA,NA,0.6,NA,NA,NA
"165","Ery:MIF_Ery:CXCR4","Ery","MIF","Ery","CXCR4",-0.25216416428625,0.0399024874100407,NA,NA,0.609625,NA,NA,NA
"166","Ery:MIF_HSPC:CXCR4","Ery","MIF","HSPC","CXCR4",-0.25216416428625,0.0399024874100407,NA,NA,0.569,NA,NA,NA
"167","Ery:MIF_Mono:CXCR4","Ery","MIF","Mono","CXCR4",-0.25216416428625,0.0399024874100407,NA,NA,0.588857142857143,NA,NA,NA
"168","Ery:MIF_T:CXCR4","Ery","MIF","T","CXCR4",-0.25216416428625,0.0399024874100407,NA,NA,0.597142857142857,NA,NA,NA
"169","DC:GZMB_DC:IGF2R","DC","GZMB","DC","IGF2R",-0.268788269184333,0.0201415322166304,NA,NA,0.027125,NA,NA,NA
"170","DC:GZMB_Ery:IGF2R","DC","GZMB","Ery","IGF2R",-0.268788269184333,0.0201415322166304,NA,NA,0.0245714285714286,NA,NA,NA
"171","DC:GZMB_HSPC:IGF2R","DC","GZMB","HSPC","IGF2R",-0.268788269184333,0.0201415322166304,NA,NA,0.025625,NA,NA,NA
"172","DC:GZMB_Mono:IGF2R","DC","GZMB","Mono","IGF2R",-0.268788269184333,0.0201415322166304,NA,NA,0.03,NA,NA,NA
"173","DC:GZMB_T:IGF2R","DC","GZMB","T","IGF2R",-0.268788269184333,0.0201415322166304,NA,NA,0.0268571428571429,NA,NA,NA
"179","Ery:MIF_DC:TNFRSF14","Ery","MIF","DC","TNFRSF14",-0.25216416428625,0.0399024874100407,NA,NA,0.494142857142857,NA,NA,NA
"180","Ery:MIF_Ery:TNFRSF14","Ery","MIF","Ery","TNFRSF14",-0.25216416428625,0.0399024874100407,NA,NA,0.49725,NA,NA,NA
"181","Ery:MIF_HSPC:TNFRSF14","Ery","MIF","HSPC","TNFRSF14",-0.25216416428625,0.0399024874100407,NA,NA,0.49125,NA,NA,NA
"182","Ery:MIF_Mono:TNFRSF14","Ery","MIF","Mono","TNFRSF14",-0.25216416428625,0.0399024874100407,NA,NA,0.493714285714286,NA,NA,NA
"183","Ery:MIF_T:TNFRSF14","Ery","MIF","T","TNFRSF14",-0.25216416428625,0.0399024874100407,NA,NA,0.491428571428571,NA,NA,NA
"184","Ery:MIF_DC:TNFRSF10D","Ery","MIF","DC","TNFRSF10D",-0.25216416428625,0.0399024874100407,NA,NA,0.462857142857143,NA,NA,NA
"185","Ery:MIF_Ery:TNFRSF10D","Ery","MIF","Ery","TNFRSF10D",-0.25216416428625,0.0399024874100407,NA,NA,0.46025,NA,NA,NA
"186","Ery:MIF_HSPC:TNFRSF10D","Ery","MIF","HSPC","TNFRSF10D",-0.25216416428625,0.0399024874100407,NA,NA,0.46075,NA,NA,NA
"187","Ery:MIF_Mono:TNFRSF10D","Ery","MIF","Mono","TNFRSF10D",-0.25216416428625,0.0399024874100407,NA,NA,0.454571428571429,NA,NA,NA
"188","Ery:MIF_T:TNFRSF10D","Ery","MIF","T","TNFRSF10D",-0.25216416428625,0.0399024874100407,NA,NA,0.454,NA,NA,NA
"204","DC:S100A8_DC:CD69","DC","S100A8","DC","CD69",-0.277329367248429,2.63262190714365e-28,NA,NA,0.806125,NA,NA,NA
"205","DC:S100A8_Ery:CD69","DC","S100A8","Ery","CD69",-0.277329367248429,2.63262190714365e-28,NA,NA,0.846285714285714,NA,NA,NA
"206","DC:S100A8_HSPC:CD69","DC","S100A8","HSPC","CD69",-0.277329367248429,2.63262190714365e-28,NA,NA,0.817875,NA,NA,NA
"207","DC:S100A8_Mono:CD69","DC","S100A8","Mono","CD69",-0.277329367248429,2.63262190714365e-28,NA,NA,0.793714285714286,NA,NA,NA
"208","DC:S100A8_T:CD69","DC","S100A8","T","CD69",-0.277329367248429,2.63262190714365e-28,NA,NA,0.834714285714286,NA,NA,NA
"209","DC:VCAN_DC:SELPLG","DC","VCAN","DC","SELPLG",-0.251523844617799,2.49127243760142e-40,NA,NA,0.268375,NA,NA,NA
"210","DC:VCAN_Ery:SELPLG","DC","VCAN","Ery","SELPLG",-0.251523844617799,2.49127243760142e-40,NA,NA,0.261571428571429,NA,NA,NA
"211","DC:VCAN_HSPC:SELPLG","DC","VCAN","HSPC","SELPLG",-0.251523844617799,2.49127243760142e-40,NA,NA,0.267625,NA,NA,NA
"212","DC:VCAN_Mono:SELPLG","DC","VCAN","Mono","SELPLG",-0.251523844617799,2.49127243760142e-40,NA,NA,0.281142857142857,NA,NA,NA
"213","DC:VCAN_T:SELPLG","DC","VCAN","T","SELPLG",-0.251523844617799,2.49127243760142e-40,NA,NA,0.271571428571429,NA,NA,NA
"244","DC:CD44_Ery:EPCAM","DC","CD44","Ery","EPCAM",NA,NA,-0.278844053182225,1.1768733596402e-19,0.250428571428571,NA,NA,NA
"245","Ery:CD44_Ery:EPCAM","Ery","CD44","Ery","EPCAM",NA,NA,-0.278844053182225,1.1768733596402e-19,0.208875,NA,NA,NA
"246","HSPC:CD44_Ery:EPCAM","HSPC","CD44","Ery","EPCAM",NA,NA,-0.278844053182225,1.1768733596402e-19,0.20175,NA,NA,NA
"247","Mono:CD44_Ery:EPCAM","Mono","CD44","Ery","EPCAM",NA,NA,-0.278844053182225,1.1768733596402e-19,0.272,NA,NA,NA
"248","T:CD44_Ery:EPCAM","T","CD44","Ery","EPCAM",NA,NA,-0.278844053182225,1.1768733596402e-19,0.242571428571429,NA,NA,NA
"254","DC:S100A9_DC:CD68","DC","S100A9","DC","CD68",-0.29792273436797,3.54118967831359e-24,NA,NA,0.79425,NA,NA,NA
"255","DC:S100A9_Ery:CD68","DC","S100A9","Ery","CD68",-0.29792273436797,3.54118967831359e-24,NA,NA,0.757285714285714,NA,NA,NA
"256","DC:S100A9_HSPC:CD68","DC","S100A9","HSPC","CD68",-0.29792273436797,3.54118967831359e-24,NA,NA,0.7805,NA,NA,NA
"257","DC:S100A9_Mono:CD68","DC","S100A9","Mono","CD68",-0.29792273436797,3.54118967831359e-24,NA,NA,0.808571428571429,NA,NA,NA
"258","DC:S100A9_T:CD68","DC","S100A9","T","CD68",-0.29792273436797,3.54118967831359e-24,NA,NA,0.783142857142857,NA,NA,NA
"259","DC:S100A8_DC:CD68","DC","S100A8","DC","CD68",-0.277329367248429,2.63262190714365e-28,NA,NA,0.787125,NA,NA,NA
"260","DC:S100A8_Ery:CD68","DC","S100A8","Ery","CD68",-0.277329367248429,2.63262190714365e-28,NA,NA,0.753285714285714,NA,NA,NA
"261","DC:S100A8_HSPC:CD68","DC","S100A8","HSPC","CD68",-0.277329367248429,2.63262190714365e-28,NA,NA,0.773375,NA,NA,NA
"262","DC:S100A8_Mono:CD68","DC","S100A8","Mono","CD68",-0.277329367248429,2.63262190714365e-28,NA,NA,0.798857142857143,NA,NA,NA
"263","DC:S100A8_T:CD68","DC","S100A8","T","CD68",-0.277329367248429,2.63262190714365e-28,NA,NA,0.778714285714286,NA,NA,NA
"264","HSPC:HSP90B1_DC:TLR1","HSPC","HSP90B1","DC","TLR1",-0.266230716109959,1.14259777324474e-199,NA,NA,0.341375,NA,NA,NA
"265","HSPC:HSP90B1_Ery:TLR1","HSPC","HSP90B1","Ery","TLR1",-0.266230716109959,1.14259777324474e-199,NA,NA,0.3465,NA,NA,NA
"266","HSPC:HSP90B1_HSPC:TLR1","HSPC","HSP90B1","HSPC","TLR1",-0.266230716109959,1.14259777324474e-199,NA,NA,0.296888888888889,NA,NA,NA
"267","HSPC:HSP90B1_Mono:TLR1","HSPC","HSP90B1","Mono","TLR1",-0.266230716109959,1.14259777324474e-199,NA,NA,0.34175,NA,NA,NA
"268","HSPC:HSP90B1_T:TLR1","HSPC","HSP90B1","T","TLR1",-0.266230716109959,1.14259777324474e-199,NA,NA,0.290625,NA,NA,NA
"269","DC:VCAN_DC:TLR1","DC","VCAN","DC","TLR1",-0.251523844617799,2.49127243760142e-40,NA,NA,0.2285,NA,NA,NA
"270","DC:VCAN_Ery:TLR1","DC","VCAN","Ery","TLR1",-0.251523844617799,2.49127243760142e-40,NA,NA,0.223571428571429,NA,NA,NA
"271","DC:VCAN_HSPC:TLR1","DC","VCAN","HSPC","TLR1",-0.251523844617799,2.49127243760142e-40,NA,NA,0.189,NA,NA,NA
"272","DC:VCAN_Mono:TLR1","DC","VCAN","Mono","TLR1",-0.251523844617799,2.49127243760142e-40,NA,NA,0.236285714285714,NA,NA,NA
"273","DC:VCAN_T:TLR1","DC","VCAN","T","TLR1",-0.251523844617799,2.49127243760142e-40,NA,NA,0.186714285714286,NA,NA,NA
"274","HSPC:HSP90B1_DC:TLR7","HSPC","HSP90B1","DC","TLR7",-0.266230716109959,1.14259777324474e-199,NA,NA,0.337375,NA,NA,NA
"275","HSPC:HSP90B1_Ery:TLR7","HSPC","HSP90B1","Ery","TLR7",-0.266230716109959,1.14259777324474e-199,NA,NA,0.30275,NA,NA,NA
"276","HSPC:HSP90B1_HSPC:TLR7","HSPC","HSP90B1","HSPC","TLR7",-0.266230716109959,1.14259777324474e-199,NA,NA,0.294,NA,NA,NA
"277","HSPC:HSP90B1_Mono:TLR7","HSPC","HSP90B1","Mono","TLR7",-0.266230716109959,1.14259777324474e-199,NA,NA,0.338875,NA,NA,NA
"278","HSPC:HSP90B1_T:TLR7","HSPC","HSP90B1","T","TLR7",-0.266230716109959,1.14259777324474e-199,NA,NA,0.288,NA,NA,NA
"289","DC:GZMB_DC:CHRM3","DC","GZMB","DC","CHRM3",-0.268788269184333,0.0201415322166304,NA,NA,0.01575,NA,NA,NA
"290","DC:GZMB_Ery:CHRM3","DC","GZMB","Ery","CHRM3",-0.268788269184333,0.0201415322166304,NA,NA,0.0151428571428571,NA,NA,NA
"291","DC:GZMB_HSPC:CHRM3","DC","GZMB","HSPC","CHRM3",-0.268788269184333,0.0201415322166304,NA,NA,0.016,NA,NA,NA
"292","DC:GZMB_Mono:CHRM3","DC","GZMB","Mono","CHRM3",-0.268788269184333,0.0201415322166304,NA,NA,0.016,NA,NA,NA
"293","DC:GZMB_T:CHRM3","DC","GZMB","T","CHRM3",-0.268788269184333,0.0201415322166304,NA,NA,0.0155714285714286,NA,NA,NA
"299","HSPC:NUCB2_DC:ERAP1","HSPC","NUCB2","DC","ERAP1",-0.290023555230144,2.05259390386076e-218,NA,NA,0.328875,NA,NA,NA
"300","HSPC:NUCB2_Ery:ERAP1","HSPC","NUCB2","Ery","ERAP1",-0.290023555230144,2.05259390386076e-218,NA,NA,0.335375,NA,NA,NA
"301","HSPC:NUCB2_HSPC:ERAP1","HSPC","NUCB2","HSPC","ERAP1",-0.290023555230144,2.05259390386076e-218,NA,NA,0.328333333333333,NA,NA,NA
"302","HSPC:NUCB2_Mono:ERAP1","HSPC","NUCB2","Mono","ERAP1",-0.290023555230144,2.05259390386076e-218,NA,NA,0.32175,NA,NA,NA
"303","HSPC:NUCB2_T:ERAP1","HSPC","NUCB2","T","ERAP1",-0.290023555230144,2.05259390386076e-218,NA,NA,0.32025,NA,NA,NA
"313","HSPC:HSP90B1_B:LRP1","HSPC","HSP90B1","B","LRP1",-0.266230716109959,1.14259777324474e-199,NA,NA,0.358875,NA,NA,NA
"314","Ery:APOC1_B:VLDLR","Ery","APOC1","B","VLDLR",-0.398583646554478,5.16322187652807e-17,NA,NA,0.0102857142857143,NA,NA,NA
"315","DC:VCAN_B:TLR6","DC","VCAN","B","TLR6",-0.251523844617799,2.49127243760142e-40,NA,NA,0.217,NA,NA,NA
"316","Ery:MIF_B:CD44","Ery","MIF","B","CD44",-0.25216416428625,0.0399024874100407,NA,NA,0.799,NA,NA,NA
"317","HSPC:SRGN_B:CD44","HSPC","SRGN","B","CD44",-0.342223592241222,7.24611880007544e-155,NA,NA,1.151125,NA,NA,NA
"318","DC:VCAN_B:CD44","DC","VCAN","B","CD44",-0.251523844617799,2.49127243760142e-40,NA,NA,0.561571428571429,NA,NA,NA
"319","DC:VCAN_B:ITGA4","DC","VCAN","B","ITGA4",-0.251523844617799,2.49127243760142e-40,NA,NA,0.438428571428571,NA,NA,NA
"320","B:CALM1_DC:SELL","B","CALM1","DC","SELL",NA,NA,-0.331684708405509,0,0.517714285714286,NA,NA,NA
"321","B:CALM1_HSPC:SELL","B","CALM1","HSPC","SELL",NA,NA,-0.306021151163924,0,0.512875,NA,NA,NA
"322","B:CALM2_DC:SELL","B","CALM2","DC","SELL",NA,NA,-0.331684708405509,0,0.795142857142857,NA,NA,NA
"323","B:CALM2_HSPC:SELL","B","CALM2","HSPC","SELL",NA,NA,-0.306021151163924,0,0.789625,NA,NA,NA
"324","B:CALM3_DC:SELL","B","CALM3","DC","SELL",NA,NA,-0.331684708405509,0,0.325,NA,NA,NA
"325","B:CALM3_HSPC:SELL","B","CALM3","HSPC","SELL",NA,NA,-0.306021151163924,0,0.32225,NA,NA,NA
"326","B:VCAN_DC:SELL","B","VCAN","DC","SELL",NA,NA,-0.331684708405509,0,0.431714285714286,NA,NA,NA
"327","B:VCAN_HSPC:SELL","B","VCAN","HSPC","SELL",NA,NA,-0.306021151163924,0,0.427375,NA,NA,NA
"328","DC:VCAN_B:SELL","DC","VCAN","B","SELL",-0.251523844617799,2.49127243760142e-40,NA,NA,0.418714285714286,NA,NA,NA
"329","B:CFH_DC:SELL","B","CFH","DC","SELL",NA,NA,-0.331684708405509,0,0.213,NA,NA,NA
"330","B:CFH_HSPC:SELL","B","CFH","HSPC","SELL",NA,NA,-0.306021151163924,0,0.210375,NA,NA,NA
"331","DC:S100A9_B:ALCAM","DC","S100A9","B","ALCAM",-0.29792273436797,3.54118967831359e-24,NA,NA,0.706142857142857,NA,NA,NA
"332","DC:VCAN_B:SELP","DC","VCAN","B","SELP",-0.251523844617799,2.49127243760142e-40,NA,NA,0.211714285714286,NA,NA,NA
"333","DC:S100A9_B:AGER","DC","S100A9","B","AGER",-0.29792273436797,3.54118967831359e-24,NA,NA,0.648142857142857,NA,NA,NA
"334","DC:S100A8_B:AGER","DC","S100A8","B","AGER",-0.277329367248429,2.63262190714365e-28,NA,NA,0.654714285714286,NA,NA,NA
"335","DC:S100A9_B:CD36","DC","S100A9","B","CD36",-0.29792273436797,3.54118967831359e-24,NA,NA,0.755142857142857,NA,NA,NA
"336","DC:S100A8_B:CD36","DC","S100A8","B","CD36",-0.277329367248429,2.63262190714365e-28,NA,NA,0.761714285714286,NA,NA,NA
"337","Ery:MIF_B:CXCR4","Ery","MIF","B","CXCR4",-0.25216416428625,0.0399024874100407,NA,NA,0.574428571428571,NA,NA,NA
"338","DC:GZMB_B:IGF2R","DC","GZMB","B","IGF2R",-0.268788269184333,0.0201415322166304,NA,NA,0.0307142857142857,NA,NA,NA
"340","Ery:MIF_B:TNFRSF14","Ery","MIF","B","TNFRSF14",-0.25216416428625,0.0399024874100407,NA,NA,0.490571428571429,NA,NA,NA
"341","Ery:MIF_B:TNFRSF10D","Ery","MIF","B","TNFRSF10D",-0.25216416428625,0.0399024874100407,NA,NA,0.455857142857143,NA,NA,NA
"351","B:S100A8_B:CD69","B","S100A8","B","CD69",NA,NA,-0.259986912069383,6.42540063108948e-22,0.792875,NA,NA,NA
"352","DC:S100A8_B:CD69","DC","S100A8","B","CD69",-0.277329367248429,2.63262190714365e-28,-0.259986912069383,6.42540063108948e-22,0.818285714285714,NA,NA,NA
"353","Ery:S100A8_B:CD69","Ery","S100A8","B","CD69",NA,NA,-0.259986912069383,6.42540063108948e-22,0.741571428571429,NA,NA,NA
"354","HSPC:S100A8_B:CD69","HSPC","S100A8","B","CD69",NA,NA,-0.259986912069383,6.42540063108948e-22,0.74925,NA,NA,NA
"355","Mono:S100A8_B:CD69","Mono","S100A8","B","CD69",NA,NA,-0.259986912069383,6.42540063108948e-22,0.782714285714286,NA,NA,NA
"356","T:S100A8_B:CD69","T","S100A8","B","CD69",NA,NA,-0.259986912069383,6.42540063108948e-22,0.749571428571429,NA,NA,NA
"357","B:LGALS1_B:CD69","B","LGALS1","B","CD69",NA,NA,-0.259986912069383,6.42540063108948e-22,0.778875,NA,NA,NA
"358","DC:LGALS1_B:CD69","DC","LGALS1","B","CD69",NA,NA,-0.259986912069383,6.42540063108948e-22,0.776714285714286,NA,NA,NA
"359","Ery:LGALS1_B:CD69","Ery","LGALS1","B","CD69",NA,NA,-0.259986912069383,6.42540063108948e-22,0.730857142857143,NA,NA,NA
"360","HSPC:LGALS1_B:CD69","HSPC","LGALS1","B","CD69",NA,NA,-0.259986912069383,6.42540063108948e-22,0.762,NA,NA,NA
"361","Mono:LGALS1_B:CD69","Mono","LGALS1","B","CD69",NA,NA,-0.259986912069383,6.42540063108948e-22,0.756571428571429,NA,NA,NA
"362","T:LGALS1_B:CD69","T","LGALS1","B","CD69",NA,NA,-0.259986912069383,6.42540063108948e-22,0.756857142857143,NA,NA,NA
"363","B:MYL9_B:CD69","B","MYL9","B","CD69",NA,NA,-0.259986912069383,6.42540063108948e-22,0.175625,NA,NA,NA
"364","DC:MYL9_B:CD69","DC","MYL9","B","CD69",NA,NA,-0.259986912069383,6.42540063108948e-22,0.172,NA,NA,NA
"365","Ery:MYL9_B:CD69","Ery","MYL9","B","CD69",NA,NA,-0.259986912069383,6.42540063108948e-22,0.178285714285714,NA,NA,NA
"366","HSPC:MYL9_B:CD69","HSPC","MYL9","B","CD69",NA,NA,-0.259986912069383,6.42540063108948e-22,0.176,NA,NA,NA
"367","Mono:MYL9_B:CD69","Mono","MYL9","B","CD69",NA,NA,-0.259986912069383,6.42540063108948e-22,0.176428571428571,NA,NA,NA
"368","T:MYL9_B:CD69","T","MYL9","B","CD69",NA,NA,-0.259986912069383,6.42540063108948e-22,0.177714285714286,NA,NA,NA
"369","DC:VCAN_B:SELPLG","DC","VCAN","B","SELPLG",-0.251523844617799,2.49127243760142e-40,NA,NA,0.261,NA,NA,NA
"376","B:CD44_Ery:EPCAM","B","CD44","Ery","EPCAM",NA,NA,-0.278844053182225,1.1768733596402e-19,0.198285714285714,NA,NA,NA
"378","DC:S100A9_B:CD68","DC","S100A9","B","CD68",-0.29792273436797,3.54118967831359e-24,NA,NA,0.800428571428571,NA,NA,NA
"379","DC:S100A8_B:CD68","DC","S100A8","B","CD68",-0.277329367248429,2.63262190714365e-28,NA,NA,0.807,NA,NA,NA
"380","B:CD69_B:KLRB1","B","CD69","B","KLRB1",-0.259986912069383,6.42540063108948e-22,NA,NA,0.180875,NA,NA,NA
"381","B:CD69_DC:KLRB1","B","CD69","DC","KLRB1",-0.259986912069383,6.42540063108948e-22,NA,NA,0.176714285714286,NA,NA,NA
"382","B:CD69_Ery:KLRB1","B","CD69","Ery","KLRB1",-0.259986912069383,6.42540063108948e-22,NA,NA,0.189857142857143,NA,NA,NA
"383","B:CD69_HSPC:KLRB1","B","CD69","HSPC","KLRB1",-0.259986912069383,6.42540063108948e-22,NA,NA,0.187875,NA,NA,NA
"384","B:CD69_Mono:KLRB1","B","CD69","Mono","KLRB1",-0.259986912069383,6.42540063108948e-22,NA,NA,0.184714285714286,NA,NA,NA
"385","B:CD69_T:KLRB1","B","CD69","T","KLRB1",-0.259986912069383,6.42540063108948e-22,NA,NA,0.157571428571429,NA,NA,NA
"386","HSPC:HSP90B1_B:TLR1","HSPC","HSP90B1","B","TLR1",-0.266230716109959,1.14259777324474e-199,NA,NA,0.33425,NA,NA,NA
"387","DC:VCAN_B:TLR1","DC","VCAN","B","TLR1",-0.251523844617799,2.49127243760142e-40,NA,NA,0.216714285714286,NA,NA,NA
"388","HSPC:HSP90B1_B:TLR7","HSPC","HSP90B1","B","TLR7",-0.266230716109959,1.14259777324474e-199,NA,NA,0.331125,NA,NA,NA
"391","DC:GZMB_B:CHRM3","DC","GZMB","B","CHRM3",-0.268788269184333,0.0201415322166304,NA,NA,0.0171428571428571,NA,NA,NA
"393","HSPC:NUCB2_B:ERAP1","HSPC","NUCB2","B","ERAP1",-0.290023555230144,2.05259390386076e-218,NA,NA,0.309375,NA,NA,NA
