,ID,community,CPDB,NicheNet
0,IFNAR2,True,True,True
1,IGDCC4,True,False,False
2,CXCR4,True,True,True
3,CD247,True,False,False
4,WNT3,True,True,True
5,IL27,True,True,False
6,PRG4,True,False,False
7,IFNA7,True,True,True
8,CRISP3,True,False,False
9,PTCH1,True,True,True
10,CEL,True,True,False
11,ANOS1,True,False,False
12,PTPN11,True,False,False
13,SLIT1,True,True,True
14,CCL3L1,True,True,False
15,ITGB3BP,True,False,False
16,LAMB2,True,False,True
17,STAB1,True,False,False
18,CSF3,True,True,True
19,ADCYAP1,True,True,True
20,STX1A,True,False,False
21,CD63,True,False,False
22,CSF1,True,True,True
23,FGFR1,True,True,True
24,DSC3,True,True,False
25,GPR55,False,True,False
26,NPY,True,False,True
27,SEMA6D,True,True,True
28,IL17B,True,False,True
29,COL5A3,True,True,True
30,TMEM219,True,True,False
31,BMPR1A,True,True,True
32,PTH2,True,True,True
33,NPY5R,True,True,True
34,HTR2C,True,True,True
35,MLNR,True,True,True
36,PDE1C,True,False,True
37,ADAM15,True,False,True
38,CD38,True,True,False
39,CADM4,False,True,False
40,WNT9B,True,True,False
41,SEMA3G,True,False,False
42,FPR3,True,True,True
43,IL11RA,True,True,True
44,PTGER1,False,True,False
45,LIPC,True,False,False
46,GRIN2C,True,True,False
47,ABCA1,True,True,False
48,IFNA10,True,True,True
49,OMD,False,True,False
50,LTB,True,True,True
51,LILRA4,True,True,False
52,IL24,True,True,True
53,COL17A1,True,True,False
54,CALCR,True,True,True
55,CD81,True,False,False
56,CCRL2,True,True,True
57,HRH3,True,True,True
58,A2M,True,False,True
59,L1CAM,True,True,True
60,FYN,True,False,False
61,COL9A1,True,True,False
62,MTNR1B,True,True,True
63,CFTR,True,False,False
64,CD276,False,True,False
65,CCL4L2,False,True,False
66,CATSPER2,False,True,False
67,LRP6,True,True,True
68,IL4R,True,True,True
69,KCNA3,True,False,False
70,DSCAM,True,True,False
71,PKM,True,False,False
72,CCL3L3,False,False,True
73,CTGF,False,False,True
74,UCN2,True,True,True
75,CCK,True,True,True
76,HLA-A,True,True,True
77,CCBE1,True,False,False
78,OPRD1,True,True,True
79,CCL19,True,True,True
80,KIR3DS1,True,True,False
81,AKR1B1,False,True,False
82,APOB,True,True,True
83,CR1,True,False,False
84,IL3,True,True,True
85,NXNL1,False,True,False
86,RTN4,True,False,True
87,SECTM1,True,False,False
88,WNT5A,True,True,True
89,OSTN,True,True,True
90,FZD10,True,True,True
91,LVRN,True,False,False
92,RGMB,True,False,False
93,GAD1,True,False,True
94,ACVR2B,True,True,True
95,LDLR,True,True,True
96,CFP,True,False,False
97,PDCD1,True,True,True
98,GPI,True,True,True
99,BMPR1B,True,True,True
100,NRG2,True,True,True
101,NFASC,True,False,True
102,TBXAS1,False,True,False
103,CLEC2A,True,True,False
104,GALR1,True,True,True
105,PMCH,True,True,True
106,ALOX5,True,True,True
107,SERPINF1,True,False,False
108,IL4,True,True,True
109,CD4,True,False,True
110,NPS,True,True,True
111,TIMP3,True,False,False
112,KDR,True,True,True
113,GNRH2,True,True,True
114,ANGPTL1,True,False,True
115,NPB,True,True,True
116,TNFRSF10A,True,True,True
117,NMUR2,True,True,True
118,IL6,True,True,True
119,LGR5,True,True,True
120,ICOSLG,True,True,True
121,F11,True,False,False
122,TECTB,True,False,False
123,IL13,True,True,True
124,TMIGD2,True,False,False
125,CGB8,True,False,False
126,PDGFRB,True,True,True
127,ENPEP,True,False,False
128,SERPINA1,True,False,True
129,KLRG2,True,True,False
130,PLA2G2A,True,True,False
131,BSG,True,True,False
132,MYOC,True,False,False
133,ADCY9,True,False,False
134,IL2RA,True,True,True
135,MPL,True,True,True
136,PPARD,False,True,False
137,NOTCH4,True,True,True
138,CD177,True,True,False
139,TSHR,True,True,True
140,SIRPB1,False,True,False
141,IGFBPL1,True,False,False
142,TFF1,True,True,False
143,SORBS1,True,False,False
144,WNT6,True,True,False
145,GDF7,True,True,True
146,CELSR2,True,True,False
147,ADCY8,True,False,False
148,RSPO1,True,True,True
149,WNT7B,True,True,True
150,PLXNA2,True,True,True
151,RAET1E,True,True,False
152,CLEC12A,True,False,False
153,CNMD,True,False,False
154,LY96,True,False,False
155,PLAUR,True,True,True
156,WNT8A,True,True,False
157,NRXN2,True,False,True
158,P2RY14,True,False,True
159,HLA-DQB1,True,False,False
160,ADAM11,True,False,False
161,NPTXR,True,False,False
162,ADIPOR1,True,True,True
163,C1QTNF5,True,False,False
164,WIF1,True,True,False
165,NECTIN3,True,True,True
166,NCAN,True,False,False
167,BDNF,True,True,True
168,ERBB4,True,True,True
169,BOC,True,True,True
170,CLEC4A,True,False,False
171,GREM2,True,False,False
172,CTLA4,True,True,True
173,LRP2,True,False,True
174,CD59,True,False,False
175,GCG,True,True,True
176,CAP1,True,False,False
177,FAM19A5,False,True,False
178,GPR151,True,True,False
179,VTN,True,True,True
180,SCN10A,True,False,False
181,LAMA5,True,False,False
182,SEMA3B,True,False,True
183,COL26A1,False,True,False
184,RET,True,True,True
185,ALDH1A1,False,True,False
186,LRP4,True,True,False
187,PROKR1,True,True,True
188,CHRNA9,True,False,False
189,BMP8A,True,True,False
190,DKK2,True,True,True
191,C1QBP,True,False,False
192,GRM5,True,False,False
193,LMAN1,True,False,False
194,ITIH2,True,False,False
195,HSPA1A,True,False,False
196,ICOS,True,True,True
197,IGFL2,True,True,False
198,FGFR3,True,True,True
199,THBS1,True,True,True
200,IL3RA,True,True,True
201,NCAM1,True,True,True
202,FAS,True,True,True
203,HTR3B,False,True,False
204,TRHR,True,True,True
205,VCAM1,True,True,True
206,JAG1,True,True,True
207,HLA-DRB3,True,False,False
208,SHANK2,True,False,False
209,CNTN6,True,False,False
210,TPSAB1,True,False,False
211,TSHB,True,True,True
212,RSPO2,True,True,True
213,HRG,True,False,False
214,LHB,True,True,True
215,IL12RB2,True,True,True
216,NPPB,True,True,True
217,IL17RA,True,True,True
218,GPR37,True,True,True
219,CSH2,False,False,True
220,NXPH1,True,False,True
221,IFNB1,True,True,True
222,APOC4,True,False,False
223,IL31,True,False,True
224,ST14,True,False,False
225,CLCF1,True,True,True
226,A1BG,True,False,False
227,HTR2B,True,True,True
228,CNTN4,True,False,False
229,PTPRS,True,True,True
230,EPOR,True,True,True
231,EPHB1,True,True,True
232,GHR,True,True,True
233,IGSF11,True,False,False
234,LAMC1,True,True,False
235,PDGFD,True,True,True
236,GIPR,True,True,True
237,TXLNA,True,False,False
238,IL1RL1,True,True,False
239,ADIPOR2,True,True,True
240,TLR7,True,False,False
241,MS4A4A,True,True,False
242,GPC3,True,True,False
243,ANGPT4,True,True,True
244,SLC1A5,True,True,False
245,POMC,True,True,True
246,CMKLR1,True,True,True
247,TSPAN10,True,False,False
248,OCLN,True,False,True
249,HCRTR1,True,True,True
250,EPGN,True,True,True
251,TARM1,True,False,False
252,GLP2R,True,True,True
253,UTS2R,True,True,True
254,MRGPRX2,True,True,True
255,SCN8A,True,False,False
256,HLA-C,True,True,True
257,TGFBR3,True,True,True
258,LPAR1,True,False,True
259,FAM19A1,False,True,False
260,VANGL2,True,False,False
261,TSPAN1,True,False,False
262,UNC5A,True,True,True
263,HSPA4,True,False,False
264,XCL2,True,True,True
265,GH1,True,True,True
266,IL32,True,False,False
267,TCTN1,True,False,False
268,INHBB,True,True,True
269,DSG2,True,True,False
270,CDH5,True,False,True
271,AGER,True,True,False
272,F2RL3,True,False,True
273,ADAM29,True,False,False
274,PTGFR,False,True,False
275,ETV5,True,False,False
276,TPSB2,True,False,False
277,OSM,True,True,True
278,CMKLR2,True,False,False
279,UNC5B,True,True,False
280,ADRB2,True,True,False
281,DSPP,True,False,False
282,COL5A1,True,True,False
283,NRG3,True,True,True
284,THBS2,True,True,True
285,MUC2,True,False,False
286,CD55,True,True,False
287,COL18A1,True,True,True
288,VSIG10L,True,False,False
289,PNOC,True,True,True
290,NCSTN,True,False,True
291,HLA-F,True,True,True
292,GFRAL,True,True,False
293,COL19A1,False,True,False
294,GDF1,True,True,False
295,IL17RB,True,True,True
296,BMP3,True,False,True
297,MUSK,True,True,True
298,CXCL9,True,True,True
299,CXCL16,True,True,True
300,CRH,True,True,True
301,PLGRKT,True,False,False
302,FGG,True,True,False
303,IGFL3,True,True,False
304,MADCAM1,True,True,True
305,CD209,True,True,False
306,PLXNB2,True,True,True
307,BTN3A3,True,False,False
308,PSG5,True,False,False
309,KIR2DL3,True,True,True
310,OGN,False,True,False
311,GPR35,True,True,False
312,TAC4,True,False,True
313,IL6ST,True,True,True
314,NGFR,True,True,True
315,ANGPT1,True,True,True
316,NR1H4,False,True,False
317,RLN2,True,True,True
318,TNFRSF6B,True,True,True
319,MMP12,True,False,False
320,IL1A,True,True,True
321,MFGE8,True,False,False
322,EFNA4,True,True,True
323,CUBN,True,True,False
324,GDF11,True,True,True
325,FFAR2,True,True,False
326,PRTG,True,False,False
327,CNTF,True,True,True
328,CSF2RA,True,True,True
329,FGF10,True,True,True
330,COL6A3,True,True,False
331,IL7R,True,True,True
332,LILRB2,True,True,False
333,LEFTY1,True,True,False
334,UNC5C,True,True,True
335,TRPM2,True,False,False
336,TRPM3,True,False,False
337,IL22RA2,True,False,True
338,ADRA1A,False,True,False
339,BDKRB1,True,True,True
340,FGA,True,True,True
341,PTGR1,False,True,False
342,CLEC10A,True,False,False
343,GPR84,True,False,False
344,AMH,True,True,True
345,F8,True,False,True
346,RNF43,True,False,False
347,ITGAX,True,True,True
348,ADRA2A,True,True,False
349,SDC3,True,False,True
350,NUCB2,True,False,True
351,AFDN,True,False,False
352,THY1,True,True,False
353,TRPV1,True,False,False
354,TLR2,True,False,False
355,ADAMTS3,True,False,False
356,AQP5,True,False,False
357,SEMA4G,False,True,False
358,HSPA8,True,False,False
359,JAML,True,False,False
360,IL17RE,True,True,True
361,SLC7A1,False,True,False
362,SIGIRR,True,True,False
363,IGFBP3,False,True,False
364,GPIHBP1,True,False,False
365,AGTRAP,True,False,False
366,EPHA4,True,True,True
367,TCN2,True,False,False
368,EGFR,True,True,True
369,VEGFB,True,True,True
370,PDX1,True,False,False
371,IL17F,True,True,True
372,TLN1,True,False,False
373,ENO1,True,False,False
374,PTGDR,True,True,False
375,LINGO1,True,False,True
376,IGFBP7,True,False,False
377,SERPINA7,True,False,False
378,LMBR1L,True,False,False
379,TSPAN5,True,False,False
380,LAT,True,False,False
381,ADORA2A,True,True,False
382,CACNA1C,True,False,False
383,SCEL,True,False,False
384,GH2,True,True,True
385,PSG4,True,False,False
386,THRB,False,True,False
387,PIGF,True,False,False
388,LGALS9,True,True,False
389,MIF,True,True,False
390,BTC,True,True,True
391,IL17C,True,True,True
392,S1PR5,True,False,False
393,PGLYRP1,True,False,False
394,COLQ,True,False,False
395,HTR1B,True,True,True
396,OMG,True,False,True
397,COL14A1,True,True,False
398,KCNQ1,True,False,False
399,FBLN2,True,False,False
400,IGF1,True,True,True
401,COL4A1,True,True,True
402,CCL8,True,True,True
403,TLR4,True,False,False
404,MIP,True,False,False
405,PVR,True,True,True
406,F11R,True,True,True
407,TACR3,True,True,True
408,SEMA3C,True,True,True
409,HRAS,True,False,False
410,THBD,True,True,True
411,NR1H3,False,True,False
412,GNAS,True,False,False
413,GPR17,False,True,False
414,FGF9,True,True,True
415,MRGPRX1,True,True,True
416,FCER1A,True,False,False
417,TLR8,False,True,False
418,LILRB3,True,False,False
419,CNTN2,True,False,True
420,GPR15,False,True,False
421,TNFSF13B,True,True,True
422,PTHLH,True,True,True
423,COL6A1,True,True,False
424,RORA,False,True,False
425,MFRP,True,False,False
426,FXYD6,True,False,False
427,COL28A1,False,True,False
428,LRP1,True,True,True
429,CHRM4,False,True,False
430,ERFE,False,True,False
431,FGF6,True,True,True
432,RORC,False,True,False
433,CFC1,True,True,False
434,AMELX,True,False,False
435,PLXNA1,True,True,True
436,INSL5,True,True,True
437,PROK1,True,True,True
438,RARRES2,True,True,True
439,HSD17B3,False,True,False
440,OXTR,True,True,True
441,IFNA21,True,True,True
442,NLGN1,True,False,True
443,ADGRG1,True,False,False
444,HMGB1,True,False,False
445,GPHB5,True,True,False
446,AQP1,True,False,False
447,COPA,False,True,True
448,PSG7,True,False,False
449,NPY4R,True,True,True
450,CXCR2,True,True,True
451,XPR1,False,True,False
452,HTR3E,False,True,False
453,ITGAD,True,True,True
454,PTK7,True,False,False
455,MAS1,True,False,True
456,ADGRG3,False,True,False
457,CXCL8,True,True,True
458,LTC4S,False,True,False
459,NID1,True,False,True
460,NTF3,True,True,True
461,CD200R1L,True,False,False
462,CD33,True,False,False
463,IFNG,True,True,True
464,COLEC12,False,True,False
465,CLEC1B,True,False,False
466,PHEX,True,False,False
467,PTMA,True,False,False
468,F9,True,False,True
469,INHBC,True,True,True
470,2,True,False,False
471,CD1C,True,False,False
472,LTA4H,False,True,False
473,MUC1,True,False,False
474,VGF,False,True,False
475,NR0B2,True,False,False
476,ALB,True,True,False
477,RELN,True,True,True
478,BPI,True,False,False
479,LY86,True,False,False
480,CELSR1,True,False,False
481,GGT5,False,True,False
482,OBP2A,True,False,False
483,RARB,False,True,False
484,NXPH2,True,False,False
485,NTNG1,True,False,True
486,HRH4,True,True,True
487,TYR,False,True,False
488,IL36A,True,True,False
489,PLD1,True,False,False
490,TAC1,True,True,True
491,MELTF,True,False,False
492,FCER2,True,True,False
493,AR,True,True,False
494,TECTA,True,False,False
495,CELSR3,False,True,False
496,RTN4RL2,True,False,False
497,DEFB106B,True,False,False
498,CLDN24,False,False,True
499,CHRM3,True,True,False
500,VIPR2,True,True,True
501,ASMT,False,True,False
502,PTPRA,True,False,False
503,PGR,False,True,False
504,KLB,True,True,False
505,LTF,True,False,True
506,SCGB1A1,True,False,False
507,SLURP1,True,True,False
508,KIR2DL2,True,False,False
509,GPR135,True,False,True
510,IL23R,True,True,True
511,PLSCR4,True,False,False
512,PLEKHO2,False,False,True
513,PYY,True,True,True
514,PLXDC2,True,False,False
515,FGF8,True,True,True
516,CCN3,True,False,False
517,DAGLB,False,True,False
518,LAMA3,True,True,False
519,BMP4,True,True,True
520,ENHO,True,True,False
521,SORCS3,True,False,False
522,CYP21A2,False,True,False
523,CD14,True,False,False
524,GPNMB,True,False,False
525,TNFRSF21,True,True,True
526,BMP6,True,True,True
527,PTPRB,True,False,True
528,ADGRL4,True,False,False
529,MMP7,True,False,False
530,WNT4,True,True,True
531,CD24,True,True,True
532,QRFPR,True,True,True
533,PENK,True,True,True
534,HTR2A,True,True,True
535,TG,True,True,False
536,CCN2,True,False,False
537,CRLF2,True,True,True
538,GRM4,True,False,True
539,SFTPD,True,False,False
540,COL9A2,True,True,False
541,HLA-DRB5,True,False,False
542,VIP,True,True,True
543,ORM1,True,False,False
544,LAG3,True,True,False
545,FCN2,True,False,False
546,LRP1B,True,False,False
547,LPAR4,True,False,True
548,COL1A2,True,True,False
549,ITGAE,True,True,True
550,HLA-E,True,True,True
551,LEP,True,True,True
552,MYLK2,True,False,True
553,JAM2,True,True,True
554,DEFB1,True,False,False
555,PF4V1,True,False,False
556,CHRNA7,True,True,False
557,GPR182,True,False,True
558,COL7A1,True,True,False
559,IGSF10,True,False,False
560,MARCO,True,True,False
561,RHBDF2,True,False,False
562,FBLN1,True,False,False
563,EDNRB,True,False,True
564,EFNB2,True,True,True
565,CD82,True,False,False
566,NPFFR2,True,False,True
567,ADAM23,True,False,True
568,MLN,True,True,True
569,TNFRSF11A,True,True,True
570,CEACAM19,True,False,False
571,TNFSF15,True,True,True
572,SERPINE2,True,False,True
573,TNF,True,True,True
574,GNB3,True,False,False
575,DLL4,True,True,True
576,CD244,True,True,False
577,MRC2,True,True,False
578,PSG6,True,False,False
579,CD248,True,False,False
580,F7,True,False,True
581,PCNA,True,False,False
582,LGALS1,True,False,False
583,GZMB,True,False,True
584,NCR2,True,False,False
585,ANGPT2,True,True,True
586,DHH,True,True,True
587,MATN1,True,False,False
588,BST1,True,False,False
589,FGF5,True,True,True
590,CDH10,True,False,False
591,SLPI,True,False,False
592,LACRT,True,False,False
593,IL11,True,True,True
594,CATSPERB,False,True,False
595,BCR,False,True,False
596,OPRM1,True,True,True
597,IL9R,True,True,True
598,FCGRT,False,True,False
599,FCGR2A,True,True,False
600,IGFL1,True,True,False
601,GGT1,False,True,False
602,NTN3,True,False,True
603,COL12A1,False,True,False
604,CCR4,True,True,True
605,LEAP2,True,True,False
606,HBEGF,True,True,True
607,GSTM2,True,False,False
608,LILRB1,True,True,True
609,PTCH2,True,True,True
610,CNTNAP2,True,False,True
611,LGALS8,True,False,False
612,CCL26,True,True,True
613,SLC17A7,True,False,False
614,HRH1,True,True,True
615,HLA-DPA1,True,True,False
616,MCAM,True,False,False
617,EBI3,True,True,False
618,FZD9,True,True,True
619,COL15A1,False,True,False
620,SPN,True,True,True
621,TNFSF14,True,True,True
622,LTB4R2,False,True,False
623,NPTX2,True,False,False
624,CCL7,True,True,True
625,SLC37A1,True,False,False
626,CRLF1,True,False,True
627,CALM1,True,False,True
628,SCN2B,True,False,False
629,FLT3LG,True,True,True
630,ZNRF3,True,False,False
631,PIP,True,False,False
632,CD22,True,True,True
633,HLA-DQA1,True,False,False
634,P2RX7,True,False,False
635,CDH3,False,False,True
636,AIMP1,False,True,False
637,TF,True,True,True
638,COL4A3,True,True,False
639,PPBP,True,True,True
640,MFNG,True,False,False
641,ITGB1,True,True,True
642,EFNA2,True,True,True
643,SORCS2,True,False,False
644,IFNA17,True,True,True
645,NPSR1,True,True,True
646,ITGA4,True,True,True
647,CD79A,True,False,False
648,CCR3,True,True,True
649,PDPN,True,False,False
650,TAC3,True,True,True
651,SERTAD1,True,False,False
652,TNFSF11,True,True,True
653,OXT,True,True,True
654,GP1BB,True,True,True
655,ITGB7,True,True,True
656,WNT1,True,True,True
657,HSP90AA1,True,False,False
658,ADRB1,True,True,False
659,FGL1,True,True,False
660,DIO3,False,True,False
661,CXCL14,True,True,False
662,DLK2,True,False,False
663,C1QTNF1,True,False,False
664,GAST,True,True,True
665,PLXDC1,True,False,False
666,FAM213B,False,True,False
667,ATP6AP2,True,True,True
668,GABBR2,True,False,False
669,UTS2,True,True,True
670,HTR7,True,True,True
671,C4BPA,True,False,False
672,ADO,True,False,False
673,CRP,True,False,False
674,REN,True,True,True
675,SPX,True,True,False
676,IL1RAP,True,True,True
677,RLN1,True,True,True
678,HAS2,True,False,True
679,FSTL5,True,False,False
680,CCR2,True,True,True
681,RXRA,True,True,False
682,B2M,True,True,False
683,EDAR,True,True,True
684,VDR,False,True,False
685,ADRA2C,False,True,False
686,COL6A2,True,True,False
687,TGS1,True,False,False
688,IFNA6,True,True,True
689,TGFB3,True,True,True
690,STAB2,True,False,False
691,HCRT,True,True,True
692,EFNA1,True,True,True
693,CD7,True,False,False
694,OGFR,True,False,True
695,CYSLTR2,False,True,False
696,CD163,True,False,False
697,GPC2,True,False,False
698,SPTBN2,True,False,False
699,CHRNB2,True,True,False
700,SERPINE1,True,False,True
701,ROS1,False,True,False
702,SLC16A2,True,False,False
703,ADM2,True,True,True
704,ZP3,True,False,True
705,NRTN,True,True,True
706,IGF2R,True,True,True
707,RIMS2,True,False,False
708,EPB41L1,False,True,False
709,GPRC5D,False,True,False
710,CSF3R,True,True,True
711,MFAP3L,True,False,False
712,PLXNB3,True,True,True
713,SELPLG,True,True,True
714,BCAM,True,False,False
715,NR3C2,False,True,False
716,LRP5,True,True,True
717,RAMP1,True,True,True
718,CXCL6,True,True,True
719,TAFA4,True,False,False
720,HLA-DPB1,True,True,False
721,CP,True,False,False
722,GDF9,True,True,True
723,PCSK1N,True,False,False
724,DRAXIN,True,False,False
725,HFE,True,True,False
726,HTR4,True,True,True
727,GPR171,True,False,False
728,AGTR1,True,True,True
729,HRH2,True,True,True
730,PAPLN,True,False,False
731,CCL25,True,True,True
732,PDGFRA,True,True,True
733,CXADR,True,True,False
734,IFNA1,True,True,True
735,SLAMF9,True,False,False
736,EDA2R,True,True,True
737,GNRHR2,False,True,False
738,HTR3D,False,True,False
739,SPP1,True,True,True
740,MAG,True,False,True
741,EFNB1,True,True,True
742,VEGFA,True,True,True
743,TRPV2,False,False,True
744,FDXR,False,True,False
745,WNT10A,True,True,False
746,IL1RAPL1,True,True,True
747,NLGN4X,True,False,False
748,TACR2,True,True,True
749,INHBA,True,True,True
750,FAM19A4,False,True,False
751,CYP3A4,False,True,False
752,SSTR2,True,True,True
753,NPR1,True,True,True
754,TIMP1,True,True,False
755,GP1BA,True,True,True
756,PVRIG,True,False,False
757,LILRA3,True,False,False
758,HLA-DRB4,True,False,False
759,RARRES1,True,False,False
760,DAGLA,False,True,False
761,ASIP,True,True,True
762,ULBP2,True,True,True
763,LRRTM2,True,False,False
764,FNDC5,True,False,False
765,C10orf99,False,True,False
766,CPAMD8,True,False,False
767,MC3R,True,True,True
768,BEX3,True,False,False
769,PPIA,False,True,False
770,HLA-B,True,True,True
771,CCL4,True,True,True
772,NPR2,True,True,True
773,CD274,True,True,True
774,ADAM17,True,False,True
775,DSG3,True,False,False
776,OLR1,True,False,False
777,BMP8B,True,True,True
778,IFNL2,True,True,True
779,CADM3,True,True,True
780,TCN1,True,False,False
781,CD180,True,False,False
782,COL4A6,True,True,False
783,PECAM1,True,True,True
784,GAS1,True,True,False
785,KIT,True,True,True
786,DSG4,True,False,False
787,VWF,True,True,True
788,RIPK1,True,True,False
789,TNFRSF1A,True,True,True
790,ITGA1,True,True,True
791,GP9,True,False,True
792,CXCL12,True,True,True
793,CHRNA2,False,True,False
794,GDF5,True,True,True
795,CD86,True,True,True
796,SEMA6B,True,False,False
797,IFNAR1,True,True,True
798,PTPN6,True,False,False
799,SPARC,True,False,False
800,LRP10,True,False,False
801,COL3A1,True,True,False
802,HMMR,True,False,True
803,CLEC2D,True,True,False
804,PDCD1LG2,True,True,True
805,HTR6,True,True,True
806,S1PR1,True,False,False
807,MRC1,True,True,False
808,PGRMC2,False,True,False
809,PODXL2,True,True,True
810,DPP4,True,True,False
811,CCKBR,True,True,True
812,ZPBP2,True,False,False
813,DNAJB11,True,False,False
814,KEL,True,False,False
815,COL13A1,True,True,False
816,CEACAM5,True,True,False
817,FAM3C,True,True,False
818,PDGFB,True,True,True
819,RLN3,True,True,True
820,IGSF1,True,False,False
821,TNFRSF9,True,True,True
822,F2R,True,False,True
823,TYK2,True,False,False
824,EPHA2,True,True,True
825,SCARB1,True,False,True
826,ICAM2,True,True,True
827,GLG1,True,True,True
828,CCN1,True,False,False
829,EDA,True,True,True
830,PRND,True,False,True
831,SCN5A,True,False,False
832,GPER1,False,True,False
833,CHRNA3,True,True,False
834,FGF19,True,True,True
835,PILRA,True,True,False
836,HAVCR2,True,True,False
837,FZD2,True,True,True
838,NMBR,True,True,True
839,ANXA1,True,True,True
840,IFNE,True,True,True
841,NEGR1,True,False,True
842,COL6A5,False,True,False
843,FCRL1,True,False,False
844,TNFRSF10B,True,True,True
845,ITGA3,True,True,True
846,PLA2G10,True,False,False
847,ALOX5AP,False,True,True
848,PTPRK,True,True,False
849,HP,True,False,False
850,SLIT3,True,False,False
851,FDX1,False,True,False
852,GUCY2C,True,True,True
853,CD151,True,False,True
854,HPGDS,True,False,False
855,FZD1,True,True,True
856,SMO,True,True,True
857,EDN3,True,False,True
858,ACE2,False,True,False
859,PTGS2,True,False,True
860,NRP2,True,True,True
861,CEACAM8,True,True,False
862,MEGF10,True,False,False
863,CD226,True,True,True
864,CCL3,True,True,True
865,CCL22,True,True,True
866,CORT,True,True,True
867,ITGA11,True,True,True
868,LEPR,True,True,True
869,CXCL13,True,True,True
870,IL1R2,True,True,True
871,BMPR2,True,True,True
872,GDF2,True,True,True
873,WNT8B,True,True,False
874,SPON2,True,False,False
875,ILDR1,True,False,False
876,CCL18,True,True,False
877,GRIN2A,True,True,False
878,CTHRC1,True,False,False
879,F2RL2,True,False,True
880,ITGB2,True,True,True
881,IL21,True,True,True
882,GPC4,True,False,False
883,CDH15,False,False,True
884,RXFP3,True,True,True
885,ATP1A3,True,False,False
886,FZD7,True,True,True
887,SIRPG,True,True,False
888,NMB,True,True,True
889,RAMP3,True,True,False
890,TNFRSF11B,True,True,True
891,KIR3DL1,True,True,True
892,IL22,True,True,True
893,FCAMR,True,False,False
894,COL4A4,True,True,False
895,PTGER4,True,True,False
896,PTPRD,True,False,False
897,IBSP,True,False,True
898,LGALS3BP,True,False,False
899,IFNA13,False,False,True
900,CXCR5,True,True,True
901,KIR2DL1,True,True,True
902,SIGLEC8,True,False,False
903,ITGA2,True,True,True
904,PIGA,True,False,False
905,SCARA5,True,True,False
906,SFTPA2,True,False,False
907,PPARA,False,True,False
908,CXCL2,True,True,True
909,TREM1,True,False,False
910,CHRNA6,False,True,False
911,PTGES2,False,True,False
912,GPR101,False,True,False
913,APELA,True,True,False
914,APOO,True,False,False
915,ERBB3,True,True,True
916,ANGPTL4,True,False,False
917,ADAM28,True,False,False
918,S100B,True,False,False
919,KREMEN2,True,True,True
920,MMP2,True,True,False
921,SOST,True,False,True
922,ALK,True,True,True
923,FPR1,True,True,True
924,CD200,True,True,False
925,UCN3,True,True,True
926,HEBP1,True,True,True
927,CD48,True,True,False
928,DLL1,True,True,True
929,FLT1,True,True,True
930,SLURP2,True,False,False
931,MTMR4,True,False,False
932,ALDH1A2,False,True,False
933,PTH1R,True,True,True
934,APLP1,True,False,False
935,GP5,True,False,True
936,LAMA4,True,False,False
937,FGB,True,True,False
938,PLXND1,True,True,True
939,DRD3,False,True,False
940,GHRL,True,True,True
941,MYLK,True,False,True
942,CEACAM6,True,True,False
943,CD36,True,True,True
944,NOTCH1,True,True,True
945,COL11A1,True,True,False
946,GFRA3,True,True,True
947,FGF2,True,True,True
948,CDH1,True,True,True
949,ADRA1B,False,True,False
950,SLIT2,True,True,True
951,TGM2,True,False,False
952,DEFB103A,True,False,False
953,KCNQ5,True,False,False
954,SRD5A2,False,True,False
955,TACR1,True,True,True
956,YARS,False,True,True
957,CLDN4,True,False,False
958,DHCR24,False,True,False
959,CD83,False,True,False
960,ANG,True,False,False
961,ATRN,True,False,True
962,CALCA,True,True,True
963,ENG,True,False,False
964,TRPV6,True,False,False
965,MERTK,True,True,True
966,PILRB,True,False,False
967,S1PR4,True,False,False
968,EFNA3,True,True,True
969,FTL,False,True,False
970,IL18BP,True,False,False
971,LAMC2,True,False,True
972,PDAP1,True,False,False
973,DYSF,True,False,False
974,EZR,True,True,False
975,SIRPB2,True,False,False
976,DCN,True,False,False
977,AREG,True,True,True
978,CALCRL,True,True,True
979,CALR,True,False,True
980,ITGB5,True,True,True
981,LPL,True,False,False
982,PI3,True,False,False
983,HSD3B1,False,True,False
984,IL21R,True,True,True
985,NEO1,True,False,True
986,PLXNA3,True,True,True
987,SLITRK6,True,False,False
988,SRD5A3,False,True,False
989,IHH,True,True,True
990,ADAM2,True,False,True
991,TNFSF12,True,True,True
992,CD300LF,True,False,False
993,CRABP2,False,True,False
994,HLA-DQA2,True,False,False
995,ARF1,True,True,True
996,RORB,False,True,False
997,AMELY,True,False,False
998,SIGLEC7,True,False,False
999,MUC6,True,False,False
1000,ADAM22,True,False,False
1001,C5,True,True,True
1002,ADIPOQ,True,True,True
1003,OR1G1,True,False,False
1004,WFIKKN2,True,False,False
1005,CD320,True,False,False
1006,MC1R,True,True,True
1007,IL25,True,True,True
1008,CD1D,True,True,False
1009,ACKR3,True,True,True
1010,TNFRSF10C,True,True,True
1011,VCAN,True,False,False
1012,SNX14,True,False,False
1013,SFRP2,True,True,False
1014,IL18,True,True,True
1015,FSTL1,True,False,False
1016,MUC5AC,True,False,False
1017,GP6,True,False,True
1018,WNT2,True,True,False
1019,BRS3,True,False,False
1020,CCL4L1,True,False,True
1021,ROBO3,True,True,True
1022,TNC,True,True,True
1023,GHRH,True,True,True
1024,COL27A1,False,True,False
1025,CD1A,True,False,False
1026,CNR2,True,True,False
1027,IZUMO1R,True,False,False
1028,PTDSS1,True,False,True
1029,TTR,False,True,False
1030,WNT10B,True,False,False
1031,NPW,True,True,True
1032,NMU,True,True,True
1033,NRXN1,True,False,True
1034,IL36RN,True,True,False
1035,TLR9,True,False,False
1036,NCR3,True,True,False
1037,RHAG,True,False,False
1038,HSD17B1,False,True,False
1039,APP,True,True,True
1040,ADORA1,True,True,False
1041,ACKR2,True,True,True
1042,TYROBP,True,True,False
1043,NPBWR1,True,True,True
1044,TNFRSF13C,True,True,True
1045,IL19,True,True,True
1046,CCL1,True,True,True
1047,NRG4,True,True,True
1048,GDNF,True,True,True
1049,LPAR2,True,False,True
1050,LRRC4C,True,False,True
1051,ADAM9,True,False,True
1052,IL1RN,True,True,True
1053,CLU,False,True,False
1054,KIR3DL3,True,False,False
1055,MC5R,True,True,True
1056,GDF15,True,True,False
1057,EGF,True,True,True
1058,RAET1L,True,True,False
1059,FGF14,True,False,True
1060,TNFSF8,True,True,True
1061,ADGRA2,True,False,False
1062,FCGR1A,True,False,False
1063,TGFB2,True,True,True
1064,CALML3,True,False,False
1065,CX3CR1,True,True,True
1066,MGRN1,True,False,True
1067,RARA,False,True,False
1068,BTN3A2,True,False,False
1069,DDR1,True,True,True
1070,LIFR,True,True,True
1071,APOA1,True,True,False
1072,GREM1,True,False,False
1073,DKK1,True,True,True
1074,P4HB,True,True,False
1075,PITPNM3,True,False,False
1076,CALM2,True,False,True
1077,FGFRL1,True,True,False
1078,AGR2,True,False,False
1079,CLEC14A,True,False,False
1080,BGN,True,False,False
1081,CALM3,True,False,True
1082,RSPO3,True,True,True
1083,S100A9,True,False,False
1084,CLEC2B,True,True,False
1085,NT5E,True,False,False
1086,SMAP1,True,False,False
1087,AVPR1B,True,True,True
1088,IRAK4,True,False,False
1089,CD200R1,True,True,False
1090,GFRA1,True,True,True
1091,GPR19,True,True,False
1092,S1PR3,True,False,False
1093,CAMP,True,True,True
1094,SIGLEC6,True,False,False
1095,CKAP4,True,False,False
1096,DBH,False,True,False
1097,IGFLR1,True,True,False
1098,ITGA5,True,True,True
1099,CATSPER1,True,True,False
1100,DIP2A,True,False,False
1101,PLPP6,True,False,False
1102,KIR2DS1,True,False,False
1103,ITGB3,True,True,True
1104,EPHA7,True,True,True
1105,LTA,True,True,True
1106,CCL2,True,True,True
1107,MEPE,True,False,False
1108,IL9,True,True,True
1109,P2RY12,True,False,False
1110,NTRK1,True,True,True
1111,ZG16B,True,False,False
1112,VIPR1,True,True,True
1113,CEACAM16,True,False,False
1114,GRM3,True,False,False
1115,UNC5D,True,True,False
1116,GUCA2A,True,True,True
1117,F2RL1,True,False,True
1118,LIF,True,True,True
1119,DRD2,True,True,False
1120,OSMR,True,True,True
1121,CEACAM1,True,True,False
1122,TNFRSF18,True,True,True
1123,IL20RA,True,True,True
1124,APOBR,False,True,False
1125,NRG1,True,True,True
1126,IL26,True,True,False
1127,SV2A,False,False,True
1128,JMJD6,True,False,True
1129,CBR1,False,True,False
1130,PRLH,True,True,True
1131,FGFR4,True,True,True
1132,CCL14,True,True,True
1133,IFNA14,True,True,True
1134,LCK,True,True,False
1135,CKLF,True,False,False
1136,GUCY2D,True,False,False
1137,CSF1R,True,True,True
1138,NR3C1,False,True,False
1139,FCRL4,True,True,False
1140,CCR10,True,True,True
1141,QDPR,True,False,False
1142,TREML2,True,True,False
1143,FLOT1,True,False,False
1144,TNFSF9,True,True,True
1145,SOSTDC1,True,True,False
1146,LAIR2,True,False,False
1147,CD46,True,True,False
1148,HSP90B1,True,False,True
1149,TSPAN14,True,False,False
1150,BMP1,True,False,False
1151,NTSR1,True,True,True
1152,FN1,True,True,True
1153,CFH,True,False,True
1154,LUM,True,False,False
1155,PLA2R1,True,False,False
1156,APCDD1,True,False,False
1157,F10,True,True,False
1158,OXER1,False,True,False
1159,AGRN,True,True,True
1160,DEFB4A,False,False,True
1161,FASLG,True,True,True
1162,CCL21,True,True,True
1163,AXL,True,True,True
1164,FGF18,True,True,True
1165,CCN4,True,False,False
1166,NRXN3,True,False,True
1167,MST1R,True,True,True
1168,COL10A1,False,True,False
1169,TGFB1,True,True,True
1170,NPVF,True,True,True
1171,SFRP1,True,True,False
1172,TNFRSF14,True,True,True
1173,WNT3A,True,True,True
1174,CD160,True,True,False
1175,GPR1,False,True,True
1176,LSR,True,True,False
1177,PTGER2,True,True,False
1178,HAVCR1,True,False,False
1179,IL17RC,True,True,True
1180,JAG2,True,True,True
1181,SLC18A3,True,False,False
1182,CD74,True,True,False
1183,CDH7,True,False,False
1184,CD44,True,True,True
1185,CSH1,True,False,True
1186,IL12RB1,True,True,True
1187,KLRC2,True,True,True
1188,CCL5,True,True,True
1189,CSF2,True,True,True
1190,RBP4,True,True,False
1191,NOV,False,True,True
1192,SYK,True,False,False
1193,ARPC5,True,False,False
1194,EDIL3,True,False,False
1195,IFNGR2,True,True,True
1196,CD58,True,True,True
1197,TBXA2R,True,True,False
1198,XCL1,True,True,True
1199,CATSPER4,False,True,False
1200,SORL1,True,True,True
1201,CXCL17,True,True,False
1202,VSTM1,False,True,False
1203,DSC1,True,True,False
1204,PODXL,True,True,False
1205,MCHR2,True,True,True
1206,MAML2,True,False,False
1207,GNRH1,True,True,True
1208,FGF23,True,True,True
1209,VSIR,True,True,False
1210,PTGIR,True,True,False
1211,LILRA1,True,False,False
1212,KLRG1,True,True,False
1213,KLRD1,True,True,True
1214,NPFF,True,False,True
1215,IL36B,True,True,False
1216,PF4,True,True,True
1217,PROS1,True,True,True
1218,IL16,True,True,True
1219,PDYN,True,True,True
1220,HLA-DRB1,True,True,False
1221,EPO,True,True,True
1222,GPRC5B,False,True,False
1223,EDNRA,True,True,True
1224,CD1B,True,False,False
1225,CD9,True,False,False
1226,FPR2,True,True,True
1227,LHCGR,True,True,True
1228,SULT2A1,False,True,False
1229,ICAM3,True,True,True
1230,SDC1,True,False,True
1231,SIGLEC10,True,True,False
1232,COL2A1,True,True,True
1233,SEMA3F,True,True,True
1234,GFRA4,True,True,True
1235,CGA,True,True,True
1236,C4A,True,True,False
1237,APOA2,True,True,False
1238,INHA,True,True,True
1239,TNFRSF4,True,True,True
1240,SRD5A1,False,True,False
1241,EPHA10,True,False,False
1242,CXCL3,True,True,True
1243,FGF17,True,True,True
1244,UTS2B,True,True,True
1245,MICA,True,True,False
1246,DUSP18,True,False,True
1247,RNASE2,True,False,False
1248,HLA-G,True,True,True
1249,IL20,True,True,True
1250,GJB2,True,False,False
1251,SLITRK1,True,False,False
1252,KLRB1,True,True,False
1253,ADRB3,True,True,False
1254,TLR5,True,False,False
1255,ART1,True,False,False
1256,RTN4RL1,True,False,False
1257,ENAM,True,False,False
1258,RAMP2,True,True,True
1259,MTTP,True,False,False
1260,CLDN11,False,False,True
1261,LCN1,True,False,False
1262,PDE1B,True,False,True
1263,KCND1,True,False,False
1264,SLC22A17,False,True,False
1265,GPR152,False,True,False
1266,MMP13,True,False,True
1267,RACK1,True,False,False
1268,CYP11B1,False,True,False
1269,DBP,True,False,False
1270,ROBO4,True,False,True
1271,SULT1E1,False,True,False
1272,C5AR1,True,True,True
1273,SEMA4C,False,True,False
1274,SCUBE2,True,False,False
1275,ITGAV,True,True,True
1276,CXCL5,True,True,True
1277,KIDINS220,True,False,False
1278,LYPD3,True,False,False
1279,CRHR1,True,True,True
1280,CD69,True,False,False
1281,ECM1,True,False,False
1282,BMP15,True,True,True
1283,NGF,True,True,True
1284,VEGFD,True,True,True
1285,TSPAN17,True,False,False
1286,RAET1G,True,True,False
1287,KCNJ15,True,False,False
1288,CRLF3,True,False,False
1289,CTF1,True,False,True
1290,RARG,False,True,False
1291,ADA,True,False,False
1292,CCR8,True,True,True
1293,PROK2,True,True,True
1294,SLC40A1,True,False,False
1295,CYP11A1,False,True,False
1296,ACTR2,True,False,False
1297,TFF3,True,False,False
1298,VASN,True,False,False
1299,C1QA,True,False,False
1300,HTR3C,False,True,False
1301,KMT2E,True,False,False
1302,IL37,True,True,False
1303,ESR1,True,True,False
1304,GHSR,True,True,True
1305,MTNR1A,True,True,True
1306,EREG,True,True,True
1307,ADAM7,True,False,False
1308,TRH,True,True,True
1309,IL1RL2,True,True,False
1310,TNFSF18,True,True,True
1311,FRS3,True,False,False
1312,PRLR,True,True,True
1313,ADM,True,True,True
1314,TPH1,True,False,True
1315,PNMT,False,True,False
1316,TFF2,True,False,False
1317,POSTN,True,False,False
1318,CD93,True,False,False
1319,CNTN5,True,False,False
1320,CYP11B2,False,True,False
1321,IL10,True,True,True
1322,RXRB,False,True,False
1323,CSPG4,True,True,False
1324,APOD,True,False,False
1325,GRIN2B,True,True,False
1326,F12,True,False,False
1327,PROCR,True,True,True
1328,CATSPER3,False,True,False
1329,RECK,True,False,False
1330,APLNR,True,True,True
1331,GLRA2,True,True,False
1332,MSMP,True,False,False
1333,LAMP1,True,True,False
1334,LRPAP1,True,True,True
1335,ADORA3,True,True,False
1336,MICB,True,True,False
1337,LYZ,True,False,False
1338,CDH4,False,False,True
1339,NR1H2,False,True,False
1340,NETO2,False,True,False
1341,LIPH,True,False,True
1342,RIMS1,True,False,False
1343,CCR6,True,True,True
1344,IFNGR1,True,True,True
1345,NLGN4Y,False,False,True
1346,QRFP,True,True,True
1347,SSTR4,True,True,True
1348,OPRL1,True,True,True
1349,FGF20,True,True,False
1350,NPR3,True,True,True
1351,IL1R1,True,True,True
1352,AVPR1A,True,True,True
1353,FLRT3,True,False,False
1354,VLDLR,True,True,True
1355,ITGB6,True,True,True
1356,GPR25,True,True,False
1357,ADGRE2,True,False,False
1358,CD6,True,True,True
1359,CDON,True,True,True
1360,PSEN1,True,False,True
1361,SCGB3A1,True,True,False
1362,HPX,True,False,False
1363,PI16,True,False,False
1364,LTB4R,False,True,False
1365,SOCS2,True,False,False
1366,ARF6,True,False,False
1367,FGFR2,True,True,True
1368,IL27RA,True,True,False
1369,PTPRC,True,True,True
1370,OLFM2,True,False,False
1371,RYK,True,True,True
1372,ADCY1,True,False,False
1373,RYR1,True,False,False
1374,IL5RA,True,True,True
1375,DRD4,True,True,False
1376,NTNG2,True,False,True
1377,ACVR1B,True,True,True
1378,MXRA5,True,False,False
1379,EPHA1,True,True,True
1380,LEFTY2,True,True,True
1381,IL13RA2,True,True,True
1382,ITGA9,True,True,True
1383,IFNA2,True,True,True
1384,MFAP2,True,False,False
1385,CD80,True,True,True
1386,PDGFA,True,True,True
1387,KLRF2,True,True,False
1388,DRD1,False,True,False
1389,LGI3,True,False,False
1390,CYP17A1,False,True,False
1391,KCNJ10,True,False,False
1392,ITGAL,True,True,True
1393,GC,True,False,False
1394,CD2,True,True,True
1395,GPC1,True,False,True
1396,RXFP4,True,True,True
1397,GPR20,True,False,False
1398,GCGR,True,True,True
1399,LGR4,True,True,True
1400,GNAI2,True,False,False
1401,IL6R,True,True,True
1402,PDGFC,True,True,True
1403,C3AR1,True,True,True
1404,CHRNA4,True,True,False
1405,ANPEP,True,False,False
1406,CNGA2,True,False,True
1407,LRIG1,True,False,False
1408,SEMA7A,True,True,True
1409,APLN,True,True,True
1410,COL22A1,False,True,False
1411,MIA,True,False,False
1412,TRAF2,True,False,True
1413,RXFP2,True,True,True
1414,TNFSF10,True,True,True
1415,TNFRSF12A,True,True,True
1416,ITGA2B,True,True,True
1417,CD28,True,True,True
1418,PTPRF,True,False,True
1419,FLT3,True,True,True
1420,IGFBP4,True,False,False
1421,LGI4,True,False,False
1422,SEMA4D,True,True,True
1423,IFNA5,True,True,True
1424,MSTN,True,True,False
1425,SHH,True,True,True
1426,F13A1,True,False,False
1427,PLAU,True,True,True
1428,VASP,True,False,False
1429,ADGRB1,True,False,False
1430,TNFRSF17,True,True,True
1431,FCGR3B,True,False,False
1432,SNCA,True,False,False
1433,IL2,True,True,True
1434,PTPRR,False,True,False
1435,STX4,True,False,False
1436,PSPN,True,True,True
1437,GPR83,True,False,False
1438,TRADD,True,False,False
1439,CGN,True,False,False
1440,FGF13,True,False,True
1441,CHAT,False,True,False
1442,SCT,True,True,True
1443,GSTP1,True,False,True
1444,IDE,False,True,False
1445,TRPC3,True,False,False
1446,KITLG,True,True,True
1447,LRIG2,True,False,False
1448,IL15RA,True,True,True
1449,MST1,True,True,True
1450,SEMA4A,True,True,False
1451,LGALS3,True,True,False
1452,TYRO3,True,True,True
1453,C1QB,True,False,False
1454,NTSR2,True,False,True
1455,ADGRG5,False,True,False
1456,GPRC6A,True,False,False
1457,PRL,True,True,True
1458,NLGN3,True,False,True
1459,TNFRSF25,True,True,True
1460,MC4R,True,True,True
1461,WNT16,True,True,False
1462,NID2,True,False,False
1463,FGF16,True,False,True
1464,ANGPTL7,True,False,False
1465,CD34,True,True,True
1466,SLC4A11,True,False,False
1467,LTBP3,True,False,False
1468,KLRF1,True,True,False
1469,CHRM2,False,True,False
1470,LPA,True,False,False
1471,EPHB6,True,True,True
1472,IL10RA,True,True,True
1473,WNT2B,True,True,False
1474,PTGER3,True,True,False
1475,DEFB4B,True,False,True
1476,RNASET2,False,True,False
1477,ROBO2,True,True,True
1478,FAP,True,False,False
1479,FTH1,False,True,False
1480,TEK,True,True,True
1481,AMHR2,True,True,True
1482,CHRNB4,True,True,False
1483,NOTCH3,True,True,True
1484,RXFP1,True,True,True
1485,SEMA6A,False,True,False
1486,BMP10,True,True,True
1487,PPARG,False,True,False
1488,DHRS9,False,True,False
1489,PTPRM,True,False,True
1490,MDGA1,True,False,False
1491,IL36G,True,True,False
1492,NDP,True,True,True
1493,SIGLEC5,True,False,False
1494,RTN4R,True,False,True
1495,OPRK1,True,True,True
1496,ICAM1,True,True,True
1497,GPR75,True,True,True
1498,CANX,True,False,False
1499,FARP2,True,False,False
1500,SIRPA,True,True,False
1501,ACVR2A,True,True,True
1502,ORAI2,True,False,False
1503,GFRA2,True,True,True
1504,S100A10,True,False,False
1505,PTGIS,False,True,False
1506,FST,True,False,False
1507,SLC18A2,True,False,False
1508,IL12B,True,True,True
1509,ITGB4,True,True,True
1510,IL22RA1,True,True,True
1511,ROR1,True,True,False
1512,SIGLEC15,False,True,False
1513,TLR1,True,False,False
1514,XCR1,True,True,True
1515,IZUMO1,True,False,False
1516,SFRP5,False,True,False
1517,S100A4,True,False,False
1518,ADORA2B,True,True,False
1519,RPSA,True,False,True
1520,GIP,True,True,True
1521,GRP,True,True,True
1522,MT-RNR2,True,True,False
1523,LTBR,True,True,True
1524,CD5L,True,False,False
1525,HLA-DRA,True,False,True
1526,HSD17B6,False,True,False
1527,CHRNB3,False,True,False
1528,FZD4,True,True,True
1529,LAMB1,True,False,True
1530,IGDCC3,True,False,False
1531,DCBLD2,True,False,False
1532,FADD,True,False,False
1533,COMP,True,False,True
1534,COL16A1,True,True,False
1535,NTN1,True,True,True
1536,HCRTR2,True,True,True
1537,CAV1,True,False,False
1538,IL31RA,True,False,True
1539,HSD17B12,False,True,False
1540,CRTAM,True,True,False
1541,FZD8,True,True,True
1542,SST,True,True,True
1543,IGF2,True,True,True
1544,IL20RB,True,True,True
1545,KL,True,True,False
1546,NRCAM,True,False,True
1547,SCN4A,True,False,False
1548,CADM1,True,True,True
1549,CTSG,False,False,True
1550,TSPAN12,True,False,False
1551,IAPP,True,True,True
1552,EDN1,True,False,True
1553,HDC,True,True,True
1554,MMP1,True,False,False
1555,RPS19,True,True,True
1556,ACVRL1,True,True,True
1557,PDCD2,True,False,False
1558,LGI1,True,False,False
1559,TNFSF13,True,True,True
1560,GSTO1,True,False,False
1561,TIE1,True,False,True
1562,SLITRK3,True,False,False
1563,CD3D,True,False,False
1564,SHBG,True,False,False
1565,HTR1A,True,True,True
1566,VCL,True,False,False
1567,NPFFR1,True,True,True
1568,NPY2R,True,True,True
1569,SSTR1,True,True,True
1570,CCR9,True,True,True
1571,MOG,True,False,False
1572,IL2RG,True,True,True
1573,FGF7,True,True,True
1574,MRAP,True,False,False
1575,GDF6,True,True,True
1576,ALKAL1,True,False,False
1577,CHRM1,True,True,False
1578,PTPRZ1,True,True,True
1579,CRHR2,True,True,True
1580,DDR2,True,False,True
1581,ITGA8,True,True,True
1582,MMP24,True,False,False
1583,HAPLN1,True,False,False
1584,CD3G,True,False,False
1585,COL24A1,False,True,False
1586,SEMA3E,True,True,True
1587,CD19,True,False,False
1588,RGMA,True,False,True
1589,COL4A2,True,True,False
1590,NCR3LG1,True,True,False
1591,UCN,True,True,True
1592,FGF12,True,False,True
1593,KNG1,True,True,True
1594,F3,True,False,True
1595,SSTR3,True,True,True
1596,ST6GAL1,True,False,False
1597,ITGA10,True,True,True
1598,TFRC,True,True,True
1599,NTN4,True,True,True
1600,GRM1,True,False,False
1601,AKR1C3,False,True,False
1602,CCL23,True,True,True
1603,ROR2,True,True,True
1604,PPY,True,True,True
1605,CYTL1,True,False,False
1606,NLGN2,True,False,True
1607,CCN6,True,False,False
1608,DSG1,True,True,False
1609,THPO,True,True,True
1610,NPBWR2,True,True,True
1611,LCN2,True,True,False
1612,TMED5,True,False,False
1613,CATSPERD,False,True,False
1614,WNT11,True,True,True
1615,LAMC3,True,False,True
1616,CYR61,False,False,True
1617,SORT1,True,True,True
1618,IL1F10,True,True,False
1619,SPINT1,True,False,False
1620,TOR2A,True,False,False
1621,IL5,True,True,True
1622,IL33,True,True,False
1623,PSAP,True,True,True
1624,INSR,True,True,True
1625,ERVH48-1,False,True,False
1626,SDC4,True,False,True
1627,IFNA8,True,True,True
1628,ADGRL1,True,True,False
1629,FABP5,True,False,False
1630,IL17A,True,True,True
1631,TIMD4,True,False,False
1632,APOE,True,True,True
1633,C5AR2,True,True,True
1634,IMPG2,True,False,False
1635,NSMF,False,True,False
1636,PLSCR1,True,False,False
1637,PLXNC1,True,True,True
1638,TNFRSF10D,True,True,True
1639,MUC7,True,False,False
1640,YBX1,True,False,False
1641,IFITM1,True,False,False
1642,BAMBI,True,False,True
1643,ACVR1,True,True,True
1644,AZGP1,True,False,False
1645,CCL13,True,True,True
1646,TRPC5,True,False,False
1647,ARTN,True,True,True
1648,PIGR,True,False,False
1649,RPH3A,True,False,False
1650,ADRA1D,False,True,False
1651,TPO,True,True,False
1652,PTH2R,True,True,True
1653,DPEP1,False,True,False
1654,DPEP3,False,True,False
1655,GPC5,True,False,False
1656,EPHA3,True,True,True
1657,TRAF3,True,False,False
1658,SELL,True,True,True
1659,FGF21,True,True,False
1660,AMN,False,True,False
1661,PTPRG,True,False,False
1662,PTGES3,False,True,False
1663,SHANK1,True,False,False
1664,FSHR,True,True,True
1665,FZD6,True,True,True
1666,CNTNAP1,False,False,True
1667,WNT9A,True,True,False
1668,CDH11,True,False,False
1669,COL20A1,False,True,False
1670,APOC2,True,False,False
1671,CSF2RB,True,True,True
1672,CCR5,True,True,True
1673,CD96,True,True,False
1674,ACVR1C,True,True,True
1675,SELE,True,True,True
1676,CXCL10,True,True,True
1677,CD99,True,True,True
1678,DLK1,True,True,True
1679,AVPR2,True,True,True
1680,CNTFR,True,True,True
1681,LAMA1,True,False,True
1682,ISLR2,True,False,False
1683,PTGES,False,True,False
1684,C4B,True,False,False
1685,COL21A1,False,True,False
1686,BTLA,True,True,True
1687,IL13RA1,True,True,True
1688,DMP1,True,False,False
1689,CD27,True,True,True
1690,SIGLEC1,True,True,True
1691,GRN,True,True,False
1692,NPPC,True,True,True
1693,SMAD3,True,False,False
1694,CXCR3,True,True,True
1695,CXCR6,True,True,True
1696,ALDH1A3,False,True,False
1697,SIGLEC9,True,False,False
1698,COL11A2,True,True,False
1699,EPHB4,True,True,True
1700,HCST,True,True,False
1701,GPR39,True,False,True
1702,RXRG,False,True,False
1703,CD47,True,True,True
1704,ASGR1,True,False,False
1705,FLT4,True,True,True
1706,TNFRSF19,True,False,True
1707,COL8A1,True,True,False
1708,ERAP1,True,False,True
1709,CD8A,True,True,True
1710,DAG1,True,True,True
1711,MMRN2,True,False,False
1712,GPR42,True,True,False
1713,EPHA8,True,True,True
1714,JAK1,True,False,False
1715,NMUR1,True,True,True
1716,KIR3DL2,True,True,True
1717,ALCAM,True,True,True
1718,TNFRSF8,True,True,True
1719,PAM,True,False,False
1720,AMBN,True,False,False
1721,KLRK1,True,True,True
1722,GAL,True,True,True
1723,TREM2,True,True,False
1724,AQP6,True,False,False
1725,NODAL,True,True,True
1726,NR1I2,False,True,False
1727,SDC2,True,False,True
1728,BCAN,True,False,False
1729,CLEC11A,True,False,True
1730,IFNW1,True,True,True
1731,CCL24,True,True,True
1732,SCGB3A2,True,False,False
1733,MBL2,True,False,False
1734,ADRA2B,False,True,False
1735,KCNH1,False,False,True
1736,ANTXR1,True,True,False
1737,KISS1R,True,True,True
1738,PSG9,True,False,False
1739,COL9A3,True,True,False
1740,HTR5A,True,True,True
1741,NCR1,True,False,False
1742,MPIG6B,True,False,False
1743,CNTN3,True,False,False
1744,INHBE,True,True,True
1745,IFNL4,True,False,False
1746,TGFA,True,True,True
1747,KISS1,True,True,True
1748,CLEC2L,True,False,False
1749,LIPA,False,True,False
1750,KCNN4,True,False,False
1751,LTK,True,False,False
1752,COL1A1,True,True,True
1753,AGT,True,True,True
1754,SCARF1,True,False,True
1755,LPP,True,False,False
1756,SULT1A1,False,True,False
1757,DCLK3,True,False,False
1758,LRRC4B,True,False,True
1759,CCL16,True,True,True
1760,DCC,True,True,True
1761,TSPAN15,True,False,False
1762,BST2,True,True,False
1763,GALR2,True,True,True
1764,S1PR2,True,True,False
1765,CYP19A1,False,True,False
1766,MAGED1,True,False,False
1767,GRM7,True,False,False
1768,LGR6,True,True,True
1769,CCR1,True,True,True
1770,MDK,True,True,True
1771,ERBB2,True,True,True
1772,WNT5B,True,True,False
1773,RETN,True,True,False
1774,ACKR1,True,True,False
1775,HSPG2,True,False,True
1776,SV2C,False,False,True
1777,IL7,True,True,True
1778,CCL11,True,True,True
1779,EPHB3,True,True,True
1780,TFPI,True,False,True
1781,IFNA4,True,True,True
1782,ADCY7,True,False,False
1783,EFNA5,True,True,True
1784,ITGAM,True,True,True
1785,SCTR,True,True,True
1786,DLL3,True,True,True
1787,KLRC3,True,True,False
1788,LILRB4,True,True,False
1789,ANGPTL3,True,False,False
1790,INSL3,True,True,True
1791,SPON1,True,False,False
1792,SPINK1,True,False,False
1793,NELL2,True,True,False
1794,GAS6,True,True,True
1795,LINGO4,True,False,False
1796,CNTN1,True,True,True
1797,AGRP,True,True,True
1798,PTH,True,True,True
1799,BMP5,True,True,True
1800,SLITRK5,True,False,False
1801,NECTIN1,True,True,True
1802,LGI2,True,False,False
1803,PDE1A,True,False,True
1804,LAMP2,True,False,False
1805,PLXNB1,True,True,True
1806,SEMA5A,True,True,True
1807,EPHA5,True,True,True
1808,TIGIT,True,True,True
1809,MMP9,True,False,True
1810,CD53,True,False,False
1811,SEMA4B,True,False,False
1812,SELP,True,True,True
1813,IFNL3,True,True,True
1814,CYSLTR1,False,True,False
1815,ATP5F1B,True,False,False
1816,CCL17,True,True,True
1817,MSN,True,False,False
1818,KLK3,True,False,False
1819,PROC,True,True,True
1820,S100A8,True,False,False
1821,PLG,True,True,True
1822,NRP1,True,True,True
1823,NPY1R,True,True,True
1824,FAM3D,True,False,False
1825,DSC2,True,True,False
1826,IL15,True,True,True
1827,GHRHR,True,True,True
1828,CD72,True,True,False
1829,CD70,True,True,True
1830,LRP11,True,False,True
1831,CRISP2,True,False,False
1832,APOC1,True,False,False
1833,ADAM10,True,False,False
1834,ADCYAP1R1,True,True,True
1835,TFR2,True,True,False
1836,NTRK3,True,True,True
1837,DRD5,False,True,False
1838,PTN,True,True,True
1839,TNFRSF1B,True,True,True
1840,GLP1R,True,True,True
1841,KLRC1,True,True,True
1842,NAMPT,True,True,True
1843,IFNA16,True,True,True
1844,TNFRSF13B,True,True,True
1845,ALOX12,False,True,False
1846,ACKR4,True,True,True
1847,NTS,True,True,True
1848,APOA4,True,False,False
1849,IL34,True,True,False
1850,CCKAR,True,True,True
1851,IFNLR1,True,True,True
1852,NTRK2,True,True,True
1853,TREML4,True,False,False
1854,IGF1R,True,True,True
1855,IL1B,True,True,True
1856,AANAT,True,False,True
1857,FZD5,True,True,True
1858,CX3CL1,True,True,True
1859,ADGRV1,True,True,False
1860,PLAT,True,False,True
1861,LYVE1,True,False,False
1862,BAG6,True,True,False
1863,SSTR5,True,True,True
1864,SLC16A1,True,True,False
1865,IL2RB,True,True,True
1866,KCNJ4,True,False,False
1867,SEMA3D,True,False,False
1868,NPTX1,True,False,False
1869,PTPRJ,True,False,False
1870,CSHL1,True,True,True
1871,ITGA6,True,True,True
1872,COL4A5,True,True,False
1873,IL1RAPL2,True,False,False
1874,CXCL11,True,True,True
1875,CD8B,True,True,False
1876,CCL27,True,True,True
1877,AVP,True,True,True
1878,F2,True,True,True
1879,LAIR1,True,True,False
1880,COL8A2,True,True,False
1881,CCL15,True,True,True
1882,NCL,True,False,False
1883,AKR1D1,False,True,False
1884,IFNL1,True,True,True
1885,ESAM,True,False,True
1886,FGF3,True,True,True
1887,MCFD2,True,False,False
1888,SFTPA1,True,False,False
1889,APLP2,True,False,False
1890,LTBP1,True,False,False
1891,DHCR7,False,True,False
1892,HTR1E,True,True,True
1893,HJV,True,False,False
1894,ULBP1,True,True,False
1895,ANXA2,True,False,False
1896,KIR2DL4,True,False,True
1897,NRSN1,True,False,False
1898,MFAP5,True,False,False
1899,STX3,True,False,False
1900,CFC1B,True,False,False
1901,NPTN,True,False,False
1902,SLC16A7,True,False,False
1903,FGF22,True,True,True
1904,SPTAN1,True,False,False
1905,CER1,True,True,False
1906,PRLHR,True,True,True
1907,UBASH3B,False,True,False
1908,CHAD,True,False,True
1909,ACE,True,False,False
1910,LIN7C,True,False,False
1911,TMIGD3,True,False,False
1912,SUSD2,False,True,False
1913,PGF,True,True,True
1914,GUCA2B,True,True,True
1915,PLTP,True,False,False
1916,SFRP4,False,True,False
1917,HHIP,True,True,True
1918,P2RY6,False,True,False
1919,EPHA6,True,False,True
1920,FGF4,True,True,True
1921,TGFBR2,True,True,True
1922,WISP3,False,True,False
1923,EDN2,True,True,True
1924,SDK2,True,False,False
1925,CD52,True,True,False
1926,IFNK,True,True,True
1927,ULBP3,True,True,False
1928,EFNB3,True,True,True
1929,NPNT,True,False,True
1930,CD40,True,True,True
1931,CCR7,True,True,True
1932,KIR2DS4,True,False,True
1933,KCNQ3,True,False,False
1934,LPAR3,True,False,False
1935,INS,True,True,True
1936,SEMA5B,True,False,False
1937,FGF11,True,False,True
1938,ENTPD1,True,True,False
1939,IL23A,True,True,True
1940,RBP3,True,False,False
1941,WNT7A,True,True,True
1942,GPHA2,True,True,True
1943,CLEC4G,True,False,False
1944,DPEP2,False,True,False
1945,CHRNA5,False,True,False
1946,NECTIN2,True,True,True
1947,S100A12,True,False,False
1948,KCND2,True,False,False
1949,ALKAL2,True,False,False
1950,APOC3,True,False,False
1951,HLA-DQB2,True,True,False
1952,GRPR,True,True,True
1953,ITGB8,True,True,True
1954,SAA1,True,True,True
1955,TGFBR1,True,True,True
1956,CXCL1,True,True,True
1957,CHRNA1,False,True,False
1958,SLC2A2,True,False,False
1959,ASGR2,True,True,False
1960,GALR3,True,True,True
1961,CNR1,True,True,False
1962,FGF1,True,True,True
1963,SLAMF1,False,True,False
1964,MCHR1,True,True,True
1965,IL12A,True,True,True
1966,VIM,True,False,False
1967,AHSG,True,False,False
1968,LRP8,True,True,True
1969,GDF3,True,True,False
1970,MILR1,True,False,False
1971,JAM3,True,True,True
1972,AMFR,True,False,True
1973,GNRHR,True,True,True
1974,DKK3,True,False,False
1975,TIMP2,True,False,False
1976,CCL20,True,True,True
1977,FBN1,True,True,False
1978,CCL28,True,True,True
1979,LAMA2,True,False,True
1980,GPR37L1,True,True,True
1981,DDC,False,True,False
1982,LAMB3,True,False,False
1983,CALCB,True,True,True
1984,EPHB2,True,True,True
1985,HHLA2,True,False,False
1986,CYP27B1,False,True,False
1987,CHRM5,False,True,False
1988,PCSK9,True,False,False
1989,DKK4,True,False,False
1990,S100A1,True,False,False
1991,TLR6,True,False,False
1992,AGTR2,True,True,True
1993,CIRBP,True,False,False
1994,FSHB,True,True,True
1995,LRRN3,True,False,False
1996,MC2R,True,True,True
1997,VEGFC,True,True,True
1998,PLXNA4,True,True,True
1999,STRA6,True,True,False
2000,EFEMP2,True,False,False
2001,TNFSF4,True,True,True
2002,CD300LB,True,False,False
2003,ITGA7,True,True,True
2004,RSPO4,True,True,True
2005,CXCR1,True,True,True
2006,FZD3,True,True,True
2007,HTR3A,False,True,False
2008,SLITRK2,True,False,False
2009,NOTCH2,True,True,True
2010,HLA-DMA,False,False,True
2011,ADAM12,True,False,True
2012,TMEM67,True,False,False
2013,ADGRE5,True,True,False
2014,NMS,True,True,True
2015,IL10RB,True,True,True
2016,CR2,True,True,False
2017,CDH2,True,False,True
2018,IL18RAP,True,True,True
2019,TSLP,True,True,True
2020,TDGF1,True,True,True
2021,LRRC4,True,False,True
2022,ESR2,False,True,False
2023,SERPING1,True,False,True
2024,EFEMP1,True,False,False
2025,CD68,True,False,False
2026,IL18R1,True,True,True
2027,RHBDL2,True,False,False
2028,SEMA3A,True,True,True
2029,PLD2,True,True,True
2030,TULP1,False,True,False
2031,COL5A2,True,True,False
2032,BTN1A1,True,False,False
2033,FRZB,False,True,False
2034,BMP2,True,True,True
2035,NECTIN4,True,True,False
2036,COL6A6,True,True,False
2037,GDF10,True,True,False
2038,CLEC3A,True,False,False
2039,CD40LG,True,True,True
2040,HTR1D,True,True,True
2041,CHL1,True,False,False
2042,RYR2,True,False,False
2043,ICAM5,True,False,True
2044,THRA,False,True,False
2045,PTPRU,True,True,False
2046,GRIN2D,True,True,False
2047,GALP,True,True,True
2048,MET,True,True,True
2049,MYL9,True,False,False
2050,HTR1F,True,True,True
2051,SERPINC1,True,False,True
2052,FDX2,False,True,False
2053,PROKR2,True,True,True
2054,ANGPTL2,True,False,False
2055,NTF4,True,True,True
2056,HGF,True,True,True
2057,CD5,True,False,False
2058,NPPA,True,True,True
2059,ROBO1,True,True,True
2060,SLC6A8,True,False,False
2061,PTGDR2,True,True,True
2062,BDKRB2,True,True,True
2063,MPZ,False,False,True
2064,NXPH3,True,False,True
2065,CHRNA10,True,False,False
2066,ICAM4,True,True,True
2067,KREMEN1,True,True,True
2068,GPR143,False,True,False
2069,CLEC4M,True,True,False
2070,C3,True,True,True
2071,BMP7,True,True,True
